customer_id,country
12431,Australia
12433,Norway
12471,Germany
12472,Germany
12583,France
12662,Germany
12738,Germany
12748,United Kingdom
12791,Netherlands
12838,United Kingdom
12855,United Kingdom
12868,United Kingdom
12915,United Kingdom
12921,United Kingdom
12947,United Kingdom
12971,United Kingdom
13011,United Kingdom
13047,United Kingdom
13065,United Kingdom
13090,United Kingdom
13093,United Kingdom
13108,United Kingdom
13117,United Kingdom
13138,United Kingdom
13145,United Kingdom
13255,United Kingdom
13295,United Kingdom
13305,United Kingdom
13402,United Kingdom
13408,United Kingdom
13418,United Kingdom
13448,United Kingdom
13468,United Kingdom
13491,United Kingdom
13576,United Kingdom
13694,United Kingdom
13705,United Kingdom
13715,United Kingdom
13747,United Kingdom
13748,United Kingdom
13758,United Kingdom
13767,United Kingdom
13777,United Kingdom
13798,United Kingdom
13941,United Kingdom
13958,United Kingdom
14001,United Kingdom
14031,United Kingdom
14045,United Kingdom
14047,United Kingdom
14060,United Kingdom
14078,United Kingdom
14092,United Kingdom
14135,United Kingdom
14142,United Kingdom
14156,EIRE
14180,United Kingdom
14213,United Kingdom
14236,United Kingdom
14237,United Kingdom
14264,United Kingdom
14307,United Kingdom
14388,United Kingdom
14390,United Kingdom
14395,United Kingdom
14443,United Kingdom
14449,United Kingdom
14466,United Kingdom
14491,United Kingdom
14496,United Kingdom
14573,United Kingdom
14576,United Kingdom
14594,United Kingdom
14606,United Kingdom
14625,United Kingdom
14688,United Kingdom
14696,United Kingdom
14729,United Kingdom
14741,United Kingdom
14766,United Kingdom
14775,United Kingdom
14829,United Kingdom
14849,United Kingdom
14865,United Kingdom
14901,United Kingdom
14911,EIRE
15012,United Kingdom
15061,United Kingdom
15070,United Kingdom
15093,United Kingdom
15100,United Kingdom
15107,United Kingdom
15111,United Kingdom
15165,United Kingdom
15235,United Kingdom
15260,United Kingdom
15291,United Kingdom
15299,United Kingdom
15311,United Kingdom
15350,United Kingdom
15363,United Kingdom
15384,United Kingdom
15485,United Kingdom
15513,United Kingdom
15525,United Kingdom
15544,United Kingdom
15574,United Kingdom
15601,United Kingdom
15605,United Kingdom
15640,United Kingdom
15646,United Kingdom
15658,United Kingdom
15694,United Kingdom
15732,United Kingdom
15738,United Kingdom
15752,United Kingdom
15827,United Kingdom
15834,United Kingdom
15838,United Kingdom
15862,United Kingdom
15922,United Kingdom
15923,United Kingdom
15955,United Kingdom
15983,United Kingdom
16029,United Kingdom
16042,United Kingdom
16048,United Kingdom
16098,United Kingdom
16150,United Kingdom
16186,United Kingdom
16203,United Kingdom
16210,United Kingdom
16218,United Kingdom
16244,United Kingdom
16250,United Kingdom
16274,United Kingdom
16456,United Kingdom
16510,United Kingdom
16539,United Kingdom
16546,United Kingdom
16552,United Kingdom
16583,United Kingdom
16634,United Kingdom
16752,United Kingdom
16754,United Kingdom
16770,United Kingdom
16781,United Kingdom
16835,United Kingdom
16916,United Kingdom
16928,United Kingdom
16955,United Kingdom
16995,United Kingdom
17017,United Kingdom
17025,United Kingdom
17069,United Kingdom
17135,United Kingdom
17181,United Kingdom
17228,United Kingdom
17235,United Kingdom
17287,United Kingdom
17346,United Kingdom
17377,United Kingdom
17381,United Kingdom
17396,United Kingdom
17412,United Kingdom
17420,United Kingdom
17460,United Kingdom
17511,United Kingdom
17547,United Kingdom
17548,United Kingdom
17552,United Kingdom
17567,United Kingdom
17572,United Kingdom
17581,United Kingdom
17643,United Kingdom
17659,United Kingdom
17685,United Kingdom
17690,United Kingdom
17732,United Kingdom
17757,United Kingdom
17760,United Kingdom
17802,United Kingdom
17809,United Kingdom
17838,United Kingdom
17841,United Kingdom
17850,United Kingdom
17855,United Kingdom
17873,United Kingdom
17897,United Kingdom
17905,United Kingdom
17908,United Kingdom
17920,United Kingdom
17924,United Kingdom
17925,United Kingdom
17951,United Kingdom
17961,United Kingdom
17964,United Kingdom
17968,United Kingdom
17976,United Kingdom
18011,United Kingdom
18041,United Kingdom
18074,United Kingdom
18085,United Kingdom
18144,United Kingdom
18168,United Kingdom
18229,United Kingdom
18239,United Kingdom
