invoice_no,customer_id,invoice_date,is_cancelled
536365,17850,2010-12-01 08:26:00,0
536366,17850,2010-12-01 08:28:00,0
536367,13047,2010-12-01 08:34:00,0
536368,13047,2010-12-01 08:34:00,0
536369,13047,2010-12-01 08:35:00,0
536370,12583,2010-12-01 08:45:00,0
536371,13748,2010-12-01 09:00:00,0
536372,17850,2010-12-01 09:01:00,0
536373,17850,2010-12-01 09:02:00,0
536374,15100,2010-12-01 09:09:00,0
536375,17850,2010-12-01 09:32:00,0
536376,15291,2010-12-01 09:32:00,0
536377,17850,2010-12-01 09:34:00,0
536378,14688,2010-12-01 09:37:00,0
536380,17809,2010-12-01 09:41:00,0
536381,15311,2010-12-01 09:41:00,0
536382,16098,2010-12-01 09:45:00,0
536384,18074,2010-12-01 09:53:00,0
536385,17420,2010-12-01 09:56:00,0
536386,16029,2010-12-01 09:57:00,0
536387,16029,2010-12-01 09:58:00,0
536388,16250,2010-12-01 09:59:00,0
536389,12431,2010-12-01 10:03:00,0
536390,17511,2010-12-01 10:19:00,0
536392,13705,2010-12-01 10:29:00,0
536393,13747,2010-12-01 10:37:00,0
536394,13408,2010-12-01 10:39:00,0
536395,13767,2010-12-01 10:47:00,0
536396,17850,2010-12-01 10:51:00,0
536397,17924,2010-12-01 10:51:00,0
536398,13448,2010-12-01 10:52:00,0
536399,17850,2010-12-01 10:52:00,0
536400,13448,2010-12-01 10:53:00,0
536401,15862,2010-12-01 11:21:00,0
536402,15513,2010-12-01 11:22:00,0
536403,12791,2010-12-01 11:27:00,0
536404,16218,2010-12-01 11:29:00,0
536405,14045,2010-12-01 11:32:00,0
536406,17850,2010-12-01 11:33:00,0
536407,17850,2010-12-01 11:34:00,0
536408,14307,2010-12-01 11:41:00,0
536409,17908,2010-12-01 11:45:00,0
536412,17920,2010-12-01 11:49:00,0
536415,12838,2010-12-01 11:57:00,0
536416,13255,2010-12-01 11:58:00,0
536420,16583,2010-12-01 12:03:00,0
536423,18085,2010-12-01 12:08:00,0
536425,13758,2010-12-01 12:08:00,0
536437,13694,2010-12-01 12:12:00,0
536446,15983,2010-12-01 12:15:00,0
536460,14849,2010-12-01 12:22:00,0
536463,14849,2010-12-01 12:22:00,0
536464,17968,2010-12-01 12:23:00,0
536466,14849,2010-12-01 12:23:00,0
536477,16210,2010-12-01 12:27:00,0
536488,17897,2010-12-01 12:31:00,0
536500,17377,2010-12-01 12:35:00,0
536502,16552,2010-12-01 12:36:00,0
536508,17181,2010-12-01 12:38:00,0
536514,17951,2010-12-01 12:40:00,0
536520,14729,2010-12-01 12:43:00,0
536521,12748,2010-12-01 12:48:00,0
536522,15012,2010-12-01 12:49:00,0
536523,12868,2010-12-01 12:50:00,0
536524,17572,2010-12-01 12:51:00,0
536525,14078,2010-12-01 12:54:00,0
536526,14001,2010-12-01 12:58:00,0
536527,12662,2010-12-01 13:04:00,0
536528,15525,2010-12-01 13:17:00,0
536529,14237,2010-12-01 13:20:00,0
536530,17905,2010-12-01 13:21:00,0
536531,15485,2010-12-01 13:23:00,0
536532,12433,2010-12-01 13:24:00,0
536533,16955,2010-12-01 13:31:00,0
536534,15350,2010-12-01 13:33:00,0
536535,15605,2010-12-01 13:38:00,0
536536,18144,2010-12-01 13:45:00,0
536537,15922,2010-12-01 13:51:00,0
536538,14594,2010-12-01 13:54:00,0
536539,15165,2010-12-01 14:03:00,0
536540,14911,2010-12-01 14:05:00,0
536541,14911,2010-12-01 14:05:00,0
536542,16456,2010-12-01 14:11:00,0
536544,,2010-12-01 14:32:00,0
536551,17346,2010-12-01 14:34:00,0
536555,,2010-12-01 14:37:00,0
536556,17643,2010-12-01 14:38:00,0
536557,17841,2010-12-01 14:41:00,0
536558,,2010-12-01 14:48:00,0
536559,17873,2010-12-01 14:54:00,0
536560,13093,2010-12-01 15:00:00,0
536561,12921,2010-12-01 15:06:00,0
536562,13468,2010-12-01 15:08:00,0
536563,17760,2010-12-01 15:08:00,0
536564,13468,2010-12-01 15:08:00,0
536565,,2010-12-01 15:15:00,0
536566,16928,2010-12-01 15:21:00,0
536567,16048,2010-12-01 15:27:00,0
536568,16048,2010-12-01 15:28:00,0
536569,16274,2010-12-01 15:35:00,0
536570,14496,2010-12-01 15:35:00,0
536571,14696,2010-12-01 15:37:00,0
536572,16539,2010-12-01 15:40:00,0
536573,17025,2010-12-01 15:45:00,0
536574,17025,2010-12-01 15:46:00,0
536575,13777,2010-12-01 16:01:00,0
536576,13777,2010-12-01 16:11:00,0
536577,13777,2010-12-01 16:13:00,0
536578,17690,2010-12-01 16:15:00,0
536579,13777,2010-12-01 16:16:00,0
536580,17690,2010-12-01 16:17:00,0
536581,13777,2010-12-01 16:19:00,0
536582,12947,2010-12-01 16:21:00,0
536583,13777,2010-12-01 16:21:00,0
536584,13777,2010-12-01 16:22:00,0
536585,17460,2010-12-01 16:24:00,0
536586,18229,2010-12-01 16:25:00,0
536587,14142,2010-12-01 16:33:00,0
536588,17069,2010-12-01 16:49:00,0
536590,13065,2010-12-01 16:52:00,0
536591,14606,2010-12-01 16:57:00,0
536592,,2010-12-01 17:06:00,0
536593,16835,2010-12-01 17:15:00,0
536594,15235,2010-12-01 17:22:00,0
536595,13576,2010-12-01 17:24:00,0
536596,,2010-12-01 17:29:00,0
536597,18011,2010-12-01 17:35:00,0
536598,13090,2010-12-02 07:48:00,0
536599,15694,2010-12-02 07:49:00,0
536600,17850,2010-12-02 08:32:00,0
536601,17850,2010-12-02 08:33:00,0
536602,17850,2010-12-02 08:34:00,0
536603,17850,2010-12-02 08:40:00,0
536604,14741,2010-12-02 08:43:00,0
536605,13715,2010-12-02 08:52:00,0
536607,17732,2010-12-02 09:29:00,0
536608,12855,2010-12-02 09:37:00,0
536609,17850,2010-12-02 09:41:00,0
536610,17850,2010-12-02 09:42:00,0
536611,15752,2010-12-02 09:43:00,0
536612,17850,2010-12-02 09:44:00,0
536613,17855,2010-12-02 09:44:00,0
536614,17850,2010-12-02 09:44:00,0
536615,14047,2010-12-02 10:09:00,0
536616,17925,2010-12-02 10:10:00,0
536617,13941,2010-12-02 10:17:00,0
536618,17017,2010-12-02 10:17:00,0
536619,17017,2010-12-02 10:18:00,0
536620,14135,2010-12-02 10:27:00,0
536621,13108,2010-12-02 10:35:00,0
536623,15601,2010-12-02 10:39:00,0
536624,13418,2010-12-02 10:45:00,0
536626,13418,2010-12-02 10:46:00,0
536627,15658,2010-12-02 10:53:00,0
536628,17850,2010-12-02 10:54:00,0
536629,17850,2010-12-02 10:55:00,0
536630,17850,2010-12-02 10:56:00,0
536631,17850,2010-12-02 10:58:00,0
536632,14388,2010-12-02 11:02:00,0
536633,14901,2010-12-02 11:20:00,0
536634,18041,2010-12-02 11:21:00,0
536635,15955,2010-12-02 11:22:00,0
536636,15070,2010-12-02 11:23:00,0
536637,18041,2010-12-02 11:35:00,0
536638,16244,2010-12-02 11:41:00,0
536639,15111,2010-12-02 11:45:00,0
536640,,2010-12-02 11:45:00,0
536641,12748,2010-12-02 11:46:00,0
536643,14390,2010-12-02 11:57:00,0
536663,16546,2010-12-02 12:07:00,0
536667,15260,2010-12-02 12:09:00,0
536670,15260,2010-12-02 12:09:00,0
536671,13305,2010-12-02 12:10:00,0
536672,14491,2010-12-02 12:10:00,0
536673,14060,2010-12-02 12:11:00,0
536674,15923,2010-12-02 12:16:00,0
536676,16752,2010-12-02 12:18:00,0
536681,17287,2010-12-02 12:22:00,0
536685,17850,2010-12-02 12:23:00,0
536688,17850,2010-12-02 12:24:00,0
536690,17850,2010-12-02 12:25:00,0
536693,17850,2010-12-02 12:26:00,0
536698,15363,2010-12-02 12:28:00,0
536707,12915,2010-12-02 12:33:00,0
536732,15544,2010-12-02 12:47:00,0
536733,15738,2010-12-02 12:50:00,0
536735,17381,2010-12-02 12:58:00,0
536736,17381,2010-12-02 12:59:00,0
536738,15827,2010-12-02 13:06:00,0
536739,14180,2010-12-02 13:08:00,0
536740,15827,2010-12-02 13:08:00,0
536741,13117,2010-12-02 13:11:00,0
536742,16916,2010-12-02 13:14:00,0
536743,17964,2010-12-02 13:32:00,0
536744,14466,2010-12-02 13:36:00,0
536745,17235,2010-12-02 13:38:00,0
536746,16510,2010-12-02 13:39:00,0
536747,17802,2010-12-02 13:44:00,0
536748,15107,2010-12-02 13:45:00,0
536749,17976,2010-12-02 13:49:00,0
536750,17850,2010-12-02 14:04:00,0
536751,17850,2010-12-02 14:05:00,0
536752,17850,2010-12-02 14:06:00,0
536753,17850,2010-12-02 14:07:00,0
536754,14449,2010-12-02 14:09:00,0
536755,,2010-12-02 14:14:00,0
536756,,2010-12-02 14:23:00,0
536759,16781,2010-12-02 14:26:00,0
536761,13491,2010-12-02 14:30:00,0
536762,16186,2010-12-02 14:40:00,0
536763,17685,2010-12-02 14:42:00,0
536769,17581,2010-12-02 14:47:00,0
536771,17581,2010-12-02 14:49:00,0
536777,15732,2010-12-02 15:00:00,0
536778,13138,2010-12-02 15:03:00,0
536780,,2010-12-02 15:09:00,0
536781,17460,2010-12-02 15:14:00,0
536782,17567,2010-12-02 15:18:00,0
536783,15061,2010-12-02 15:19:00,0
536784,15061,2010-12-02 15:20:00,0
536785,15061,2010-12-02 15:22:00,0
536786,15061,2010-12-02 15:23:00,0
536787,17850,2010-12-02 15:24:00,0
536788,15061,2010-12-02 15:25:00,0
536789,17850,2010-12-02 15:25:00,0
536790,17850,2010-12-02 15:26:00,0
536791,17850,2010-12-02 15:27:00,0
536792,15061,2010-12-02 15:28:00,0
536793,16203,2010-12-02 15:39:00,0
536794,13767,2010-12-02 15:40:00,0
536795,15640,2010-12-02 15:40:00,0
536796,15574,2010-12-02 15:46:00,0
536797,16770,2010-12-02 15:49:00,0
536798,17838,2010-12-02 15:55:00,0
536799,17228,2010-12-02 16:00:00,0
536800,14829,2010-12-02 16:12:00,0
536801,,2010-12-02 16:12:00,0
536802,17412,2010-12-02 16:29:00,0
536803,14911,2010-12-02 16:33:00,0
536804,14031,2010-12-02 16:34:00,0
536805,14775,2010-12-02 16:38:00,0
536806,12971,2010-12-02 16:42:00,0
536808,17659,2010-12-02 16:46:00,0
536809,15299,2010-12-02 16:48:00,0
536810,15299,2010-12-02 16:50:00,0
536811,15299,2010-12-02 16:51:00,0
536813,15646,2010-12-02 16:59:00,0
536819,13402,2010-12-02 17:12:00,0
536821,17757,2010-12-02 17:17:00,0
536823,13011,2010-12-02 17:22:00,0
536824,13798,2010-12-02 17:24:00,0
536830,16754,2010-12-02 17:38:00,0
536831,16029,2010-12-02 17:40:00,0
536832,16634,2010-12-02 17:41:00,0
536833,18239,2010-12-02 17:48:00,0
536834,14576,2010-12-02 17:51:00,0
536835,13145,2010-12-02 18:06:00,0
536836,18168,2010-12-02 18:08:00,0
536837,14395,2010-12-02 18:15:00,0
536838,14865,2010-12-02 18:23:00,0
536839,15093,2010-12-02 18:25:00,0
536840,12738,2010-12-02 18:27:00,0
536841,16150,2010-12-02 18:27:00,0
536842,17552,2010-12-02 18:45:00,0
536843,17552,2010-12-02 18:46:00,0
536844,14236,2010-12-02 18:49:00,0
536845,17961,2010-12-02 19:18:00,0
536846,14573,2010-12-02 19:59:00,0
536847,17135,2010-12-03 09:31:00,0
536848,13408,2010-12-03 09:39:00,0
536849,17396,2010-12-03 09:45:00,0
C536383,15311,2010-12-01 09:49:00,1
C536391,17548,2010-12-01 10:24:00,1
C536506,17897,2010-12-01 12:38:00,1
C536543,17841,2010-12-01 14:30:00,1
C536548,12472,2010-12-01 14:33:00,1
C536606,14092,2010-12-02 09:10:00,1
C536622,12471,2010-12-02 10:37:00,1
C536625,14766,2010-12-02 10:46:00,1
C536642,14390,2010-12-02 11:56:00,1
C536734,16042,2010-12-02 12:50:00,1
C536737,15922,2010-12-02 13:05:00,1
C536757,15838,2010-12-02 14:23:00,1
C536758,13767,2010-12-02 14:25:00,1
C536760,17547,2010-12-02 14:29:00,1
C536807,15834,2010-12-02 16:45:00,1
C536812,16546,2010-12-02 16:58:00,1
C536814,13958,2010-12-02 17:03:00,1
C536815,14443,2010-12-02 17:05:00,1
C536816,14443,2010-12-02 17:06:00,1
C536817,14156,2010-12-02 17:08:00,1
C536818,16995,2010-12-02 17:09:00,1
C536820,18168,2010-12-02 17:14:00,1
C536822,14625,2010-12-02 17:19:00,1
C536825,15384,2010-12-02 17:27:00,1
C536826,17924,2010-12-02 17:30:00,1
C536827,13408,2010-12-02 17:31:00,1
C536828,14264,2010-12-02 17:35:00,1
C536829,13295,2010-12-02 17:36:00,1
C536850,14213,2010-12-03 09:47:00,1
