stock_code,description,unit_price
10002,INFLATABLE POLITICAL GLOBE,0.85
10124G,ARMY CAMO BOOKCOVER TAPE,0.42
10125,MINI FUNKY DESIGN TAPES,0.85
10133,COLOURING PENCILS BROWN TUBE,0.85
10135,COLOURING PENCILS BROWN TUBE,1.88
11001,ASSTD DESIGN RACING CAR PEN,3.36
15036,ASSORTED COLOURS SILK FAN,0.75
15044B,BLUE PAPER PARASOL,2.95
15056BL,EDWARDIAN PARASOL BLACK,5.38
15056N,EDWARDIAN PARASOL NATURAL,5.52
15056P,EDWARDIAN PARASOL PINK,4.60
15060B,FAIRY CAKE DESIGN UMBRELLA,3.75
16012,FOOD/DRINK SPONGE STICKERS,0.21
16014,SMALL CHINESE STYLE SCISSOR,0.42
16016,LARGE CHINESE STYLE SCISSOR,0.85
16046,TEATIME PEN CASE & PENS,0.85
16156S,WRAP PINK FAIRY CAKES,0.42
16161M,WRAP  PINK FLOCK,0.42
16161P,WRAP ENGLISH ROSE,0.42
16168M,FUNKY MONKEY GIFT BAG MEDIUM,0.85
16235,RECYCLED PENCIL WITH RABBIT ERASER,0.21
16236,KITTY PENCIL ERASERS,0.43
16237,SLEEPING CAT ERASERS,0.27
16238,PARTY TIME PENCIL ERASERS,0.36
16258A,SWIRLY CIRCULAR RUBBERS IN BAG,0.42
17003,BROCADE RING PURSE,0.28
17011F,ORIGAMI SANDLEWOOD INCENSE+FLOWER,4.21
17012A,ORIGAMI VANILLA INCENSE/CANDLE SET,2.51
17012B,ORIGAMI JASMINE INCENSE/CANDLE SET,2.51
17012C,ORIGAMI LAVENDER INCENSE/CANDL SET,2.51
17012D,ORIGAMI ROSE INCENSE/CANDLE SET,2.51
17012E,ORIGAMI OPIUM INCENSE/CANDLE SET,2.51
17012F,ORIGAMI SANDLEWOOD INCENSE/CAND SET,2.51
17014A,ORIGAMI VANILLA INCENSE CONES,3.36
17021,NAMASTE SWAGAT INCENSE,0.24
17084N,FAIRY DREAMS INCENSE,0.43
17084P,DRAGONS BLOOD INCENSE,0.43
17090A,LAVENDER INCENSE 40 CONES IN TIN,1.25
17090D,VANILLA INCENSE 40 CONES IN TIN,1.25
17091A,LAVENDER INCENSE IN TIN,1.25
17129F,BLUE GLASS GEMS IN BAG,1.66
17164B,ASS COL SMALL SAND GECKO P'WEIGHT,0.42
18097A,PINK TALL PORCELAIN T-LIGHT HOLDER,2.55
18097C,WHITE TALL PORCELAIN T-LIGHT HOLDER,2.55
18098C,PORCELAIN BUTTERFLY OIL BURNER,5.91
20615,BLUE POLKADOT PASSPORT COVER,2.10
20616,CHERRY BLOSSOM PASSPORT COVER,3.16
20617,FIRST CLASS PASSPORT COVER,4.21
20619,TROPICAL PASSPORT COVER,4.21
20622,VIPPASSPORT COVER,4.21
20653,CHERRY BLOSSOM LUGGAGE TAG,2.51
20658,RED RETROSPOT LUGGAGE TAG,2.51
20662,FIRST CLASS HOLIDAY PURSE,2.51
20665,RED RETROSPOT PURSE,2.95
20668,DISCO BALL CHRISTMAS DECORATION,0.21
20669,RED HEART LUGGAGE TAG,1.88
20674,GREEN POLKADOT BOWL,1.25
20675,BLUE POLKADOT BOWL,1.25
20676,RED RETROSPOT BOWL,1.88
20677,PINK POLKADOT BOWL,1.25
20679,EDWARDIAN PARASOL RED,5.31
20681,PINK POLKADOT CHILDRENS UMBRELLA,5.01
20682,RED RETROSPOT CHILDRENS UMBRELLA,5.01
20684,STRAWBERRY DREAM CHILDS UMBRELLA,6.77
20685,DOORMAT RED RETROSPOT,8.27
20696,FLORAL SOFT CAR TOY,7.62
20697,LITTLE GREEN MONSTER SOFT TOY,2.55
20699,MOUSEY LONG LEGS SOFT TOY,5.06
20700,GREEN CAT FLORAL CUSHION COVER,10.17
20707,CRAZY DAISY HEART DECORATION,1.25
20711,JUMBO BAG TOYS,1.95
20712,JUMBO BAG WOODLAND ANIMALS,1.95
20713,JUMBO BAG OWLS,1.95
20717,STRAWBERRY SHOPPER BAG,1.88
20718,RED RETROSPOT SHOPPER BAG,1.88
20719,WOODLAND CHARLOTTE BAG,0.99
20723,STRAWBERRY CHARLOTTE BAG,1.05
20724,RED RETROSPOT CHARLOTTE BAG,1.17
20725,LUNCH BAG RED RETROSPOT,2.26
20726,LUNCH BAG WOODLAND,1.65
20727,LUNCH BAG  BLACK SKULL.,1.87
20728,LUNCH BAG CARS BLUE,1.65
20733,GOLD MINI TAPE MEASURE,0.85
20735,BLACK MINI TAPE MEASURE,0.85
20749,ASSORTED COLOUR MINI CASES,7.72
20750,RED RETROSPOT MINI CASES,7.95
20751,FUNKY WASHING UP GLOVES ASSORTED,2.10
20752,BLUE POLKADOT WASHING UP GLOVES,3.16
20754,RETROSPOT RED WASHING UP GLOVES,2.63
20755,BLUE PAISLEY POCKET BOOK,0.85
20757,RED DAISY POCKET BOOK,0.85
20759,CHRYSANTHEMUM POCKET BOOK,0.85
20760,GARDEN PATH POCKET BOOK,0.85
20761,BLUE PAISLEY SKETCHBOOK,7.62
20765,CHRYSANTHEMUM SKETCHBOOK,3.75
20766,GARDEN PATH SKETCHBOOK,3.75
20768,GREEN FERN JOURNAL,2.55
20770,ABSTRACT CIRCLE JOURNAL,2.51
20772,GARDEN PATH JOURNAL,3.80
20773,BLUE PAISLEY NOTEBOOK,1.65
20774,GREEN FERN NOTEBOOK,1.65
20777,CHRYSANTHEMUM NOTEBOOK,1.65
20780,BLACK EAR MUFF HEADPHONES,8.25
20798,CLEAR MILKSHAKE GLASS,2.10
20820,SILVER LOOKING MIRROR,4.95
20828,GLITTER BUTTERFLY CLIPS,2.55
20832,RED FLOCK LOVE HEART PHOTO FRAME,0.85
20835,FRENCH LATTICE CUSHION COVER,11.02
20839,FRENCH PAISLEY CUSHION COVER,9.32
20840,FRENCH FLORAL CUSHION COVER,9.32
20846,ZINC HEART LATTICE T-LIGHT HOLDER,2.51
20854,BLUE PATCH PURSE PINK HEART,1.65
20856,DENIM PATCH PURSE PINK BUTTERFLY,1.65
20866,BLUE ROSE FABRIC MIRROR,1.25
20867,PINK ROSE FABRIC MIRROR,1.88
20878,SET/9 CHRISTMAS T-LIGHTS SCENTED,1.25
20893,HANGING BAUBLE T-LIGHT HOLDER SMALL,2.10
20894,HANGING BAUBLE T-LIGHT HOLDER LARGE,2.95
20902,VINTAGE KEEPSAKE BOX PARIS DAYS,9.54
20914,SET/5 RED RETROSPOT LID GLASS BOWLS,3.34
20931,BLUE POT PLANT CANDLE,7.62
20956,PORCELAIN T-LIGHT HOLDERS ASSORTED,2.09
20957,PORCELAIN HANGING BELL SMALL,1.45
20961,STRAWBERRY BATH SPONGE,1.88
20963,APPLE BATH SPONGE,1.50
20966,SANDWICH BATH SPONGE,1.75
20967,GREY FLORAL FELTCRAFT SHOULDER BAG,3.75
20969,RED FLORAL FELTCRAFT SHOULDER BAG,4.72
20970,PINK FLORAL FELTCRAFT SHOULDER BAG,3.75
20971,PINK BLUE FELT CRAFT TRINKET BOX,1.38
20972,PINK CREAM FELT CRAFT TRINKET BOX,1.53
20973,12 PENCIL SMALL TUBE WOODLAND,0.86
20974,12 PENCILS SMALL TUBE SKULL,0.72
20975,12 PENCILS SMALL TUBE RED RETROSPOT,0.79
20977,36 PENCILS TUBE WOODLAND,1.25
20978,36 PENCILS TUBE SKULLS,1.25
20979,36 PENCILS TUBE RED RETROSPOT,1.25
20981,12 PENCILS TALL TUBE WOODLAND,1.12
20982,12 PENCILS TALL TUBE SKULLS,0.85
20983,12 PENCILS TALL TUBE RED RETROSPOT,0.85
20984,12 PENCILS TALL TUBE POSY,0.85
20986,BLUE CALCULATOR RULER,1.25
20992,JAZZ HEARTS PURSE NOTEBOOK,1.12
20996,JAZZ HEARTS ADDRESS BOOK,0.84
21000,ROSE DU SUD COSMETICS BAG,3.36
21002,ROSE DU SUD DRAWSTRING BAG,3.36
21012,ANTIQUE ALL GLASS CANDLESTICK,2.51
21014,SWISS CHALET TREE DECORATION,0.85
21015,DARK BIRD HOUSE TREE DECORATION,1.28
21018,BIRD BOX CHRISTMAS TREE DECORATION,0.85
21025,SPACE FROG,1.25
21026,SPACE OWL,1.25
21030,SPACE CADET RED,1.25
21031,SPACE CADET BLACK,1.25
21032,SPACE CADET WHITE,1.25
21033,JUMBO BAG CHARLIE AND LOLA TOYS,2.95
21034,REX CASH+CARRY JUMBO SHOPPER,0.95
21035,SET/2 RED RETROSPOT TEA TOWELS,3.94
21038,SET/4 MODERN VINTAGE COTTON NAPKINS,2.95
21039,RED RETROSPOT SHOPPING BAG,2.55
21041,RED RETROSPOT OVEN GLOVE DOUBLE,3.44
21042,RED RETROSPOT APRON,5.95
21055,TOOL BOX SOFT TOY,11.63
21056,DOCTOR'S BAG SOFT TOY,8.95
21058,PARTY INVITES WOODLAND,0.85
21059,PARTY INVITES DINOSAURS,0.85
21060,PARTY INVITES BALLOON GIRL,0.85
21061,PARTY INVITES FOOTBALL,0.85
21062,PARTY INVITES SPACEMAN,0.85
21063,PARTY INVITES JAZZ HEARTS,0.85
21064,BOOM BOX SPEAKER BOYS,5.95
21065,BOOM BOX SPEAKER GIRLS,5.95
21067,VINTAGE RED TEATIME MUG,1.88
21068,VINTAGE BILLBOARD LOVE/HATE MUG,1.16
21069,VINTAGE BILLBOARD TEA MUG,1.88
21070,VINTAGE BILLBOARD MUG,1.88
21071,VINTAGE BILLBOARD DRINK ME MUG,1.23
21080,SET/20 RED RETROSPOT PAPER NAPKINS,0.92
21086,SET/6 RED SPOTTY PAPER CUPS,0.65
21094,SET/6 RED SPOTTY PAPER PLATES,0.81
21098,CHRISTMAS TOILET ROLL,1.56
21106,CREAM SLICE FLANNEL CHOCOLATE SPOT,2.95
21107,CREAM SLICE FLANNEL PINK SPOT,3.49
21108,FAIRY CAKE FLANNEL ASSORTED COLOUR,3.55
21109,"LARGE CAKE TOWEL, CHOCOLATE SPOTS",13.57
21110,LARGE CAKE TOWEL PINK SPOTS,13.57
21111,"SWISS ROLL TOWEL, CHOCOLATE  SPOTS",3.69
21114,LAVENDER SCENTED FABRIC HEART,1.25
21115,ROSE CARAVAN DOORSTOP,10.59
21116,OWL DOORSTOP,6.12
21121,SET/10 RED POLKADOT PARTY CANDLES,1.50
21122,SET/10 PINK POLKADOT PARTY CANDLES,1.25
21123,SET/10 IVORY POLKADOT PARTY CANDLES,1.25
21124,SET/10 BLUE POLKADOT PARTY CANDLES,1.25
21125,SET 6 FOOTBALL CELEBRATION CANDLES,1.25
21126,SET OF 6 GIRLS CELEBRATION CANDLES,1.25
21128,GOLD FISHING GNOME,12.72
21129,SILVER FISHING GNOME,6.95
21135,VICTORIAN  METAL POSTCARD SPRING,1.69
21136,PAINTED METAL PEARS ASSORTED,1.69
21137,BLACK RECORD COVER FRAME,3.48
21143,ANTIQUE GLASS HEART DECORATION,1.95
21147,JINGLE BELLS TREE DECORATION,2.30
21154,RED RETROSPOT OVEN GLOVE,1.54
21155,RED RETROSPOT PEG BAG,2.10
21156,RETROSPOT CHILDRENS APRON,1.88
21157,RED RETROSPOT WASHBAG,2.10
21158,MOODY GIRL DOOR HANGER,2.40
21159,MOODY BOY  DOOR HANGER,1.45
21161,KEEP OUT BOYS DOOR HANGER,1.45
21163,DO NOT TOUCH MY STUFF DOOR HANGER,1.45
21164,HOME SWEET HOME METAL SIGN,5.91
21165,BEWARE OF THE CAT METAL SIGN,4.21
21166,COOK WITH WINE METAL SIGN,2.40
21169,YOU'RE CONFUSING ME METAL SIGN,2.32
21172,PARTY METAL SIGN,1.45
21174,POTTERING IN THE SHED METAL SIGN,3.46
21175,GIN + TONIC DIET METAL SIGN,2.63
21179,NO JUNK MAIL METAL SIGN,1.25
21181,PLEASE ONE PERSON METAL SIGN,2.45
21188,3D HEARTS  HONEYCOMB PAPER GARLAND,5.91
21189,WHITE HONEYCOMB PAPER GARLAND,3.36
21190,PINK HEARTS PAPER GARLAND,1.65
21191,LARGE WHITE HONEYCOMB PAPER BELL,3.51
21192,WHITE BELL HONEYCOMB PAPER,2.50
21195,PINK  HONEYCOMB PAPER BALL,4.21
21197,MULTICOLOUR  CONFETTI IN TUBE,1.65
21206,STRAWBERRY HONEYCOMB  GARLAND,1.65
21207,SKULL AND CROSSBONES  GARLAND,2.50
21208,PASTEL COLOUR HONEYCOMB FAN,3.36
21210,SET OF 72 RETROSPOT PAPER  DOILIES,1.83
21211,SET OF 72 SKULL PAPER  DOILIES,1.45
21212,PACK OF 72 RETROSPOT CAKE CASES,0.60
21213,PACK OF 72 SKULL CAKE CASES,0.76
21215,IVORY PAPER CUP CAKE CASES,0.42
21216,"SET 3 RETROSPOT TEA,COFFEE,SUGAR",7.98
21217,RED RETROSPOT ROUND CAKE TINS,11.36
21218,RED SPOTTY BISCUIT TIN,4.69
21220,SET/4 BADGES DOGS,2.51
21221,SET/4 BADGES CUTE CREATURES,1.25
21231,SWEETHEART CERAMIC TRINKET BOX,1.67
21232,STRAWBERRY CERAMIC TRINKET BOX,1.44
21238,RED RETROSPOT CUP,1.05
21239,PINK  POLKADOT CUP,0.85
21240,BLUE POLKADOT CUP,0.85
21242,RED RETROSPOT PLATE,1.69
21243,PINK  POLKADOT PLATE,1.69
21244,BLUE POLKADOT PLATE,1.69
21245,GREEN POLKADOT PLATE,1.69
21249,WOODLAND  HEIGHT CHART STICKERS,4.92
21257,VICTORIAN SEWING BOX MEDIUM,9.59
21258,VICTORIAN SEWING BOX LARGE,15.71
21259,VICTORIAN SEWING BOX SMALL,5.95
21260,FIRST AID TIN,3.25
21262,WHITE GOOSE FEATHER CHRISTMAS TREE,7.62
21268,VINTAGE BLUE TINSEL REEL,0.42
21272,SALLE DE BAIN HOOK,1.88
21279,VINTAGE KITCHEN PRINT FRUITS,5.06
21281,VINTAGE KITCHEN PRINT SEAFOOD,5.06
21288,STRIPEY CHOCOLATE NESTING BOXES,4.43
21292,SMALL STRIPES CHOCOLATE GIFT BAG,0.85
21313,GLASS HEART T-LIGHT HOLDER,1.25
21314,SMALL GLASS HEART TRINKET POT,2.76
21324,HANGING MEDINA LANTERN SMALL,2.95
21326,AGED GLASS SILVER T-LIGHT HOLDER,0.64
21327,SKULLS WRITING SET,2.08
21328,BALLOONS  WRITING SET,1.93
21329,DINOSAURS  WRITING SET,1.65
21333,CLASSIC WHITE FRAME,2.95
21340,CLASSIC METAL BIRDCAGE PLANT HOLDER,15.93
21349,IVY HEART WREATH,10.16
21351,CINAMMON & ORANGE WREATH,6.75
21352,EUCALYPTUS & PINECONE  WREATH,6.33
21354,TOAST ITS - BEST MUM,1.52
21355,TOAST ITS - I LOVE YOU,1.25
21356,TOAST ITS - FAIRY FLOWER,1.88
21357,TOAST ITS - DINOSAUR,1.25
21358,TOAST ITS - HAPPY BIRTHDAY,1.25
21360,JOY LARGE WOOD LETTERS,9.95
21363,HOME SMALL WOOD LETTERS,4.95
21364,PEACE SMALL WOOD LETTERS,6.75
21365,MIRRORED WALL ART STARS,4.43
21366,MIRRORED WALL ART PHOTO FRAMES,8.47
21367,MIRRORED WALL ART GENTS,2.55
21369,MIRRORED WALL ART SPLODGES,5.68
21370,MIRRORED WALL ART FOXY,6.35
21372,MIRRORED WALL ART TABLE LAMP,4.43
21374,MIRRORED WALL ART SKULLS,3.75
21380,WOODEN HAPPY BIRTHDAY GARLAND,2.95
21381,MINI WOODEN HAPPY BIRTHDAY GARLAND,1.69
21383,PACK OF 12 STICKY BUNNIES,0.65
21385,IVORY HANGING DECORATION  HEART,1.25
21390,FILIGRIS HEART WITH BUTTERFLY,1.25
21392,RED POLKADOT PUDDING BOWL,2.10
21393,BLUE POLKADOT PUDDING BOWL,2.10
21398,RED POLKADOT COFFEE  MUG,2.10
21399,BLUE POLKADOT COFFEE MUG,2.10
21407,BROWN CHECK CAT DOORSTOP,8.47
21408,SPOTTY PINK DUCK DOORSTOP,6.36
21411,GINGHAM HEART  DOORSTOP RED,4.25
21415,CLAM SHELL SMALL,2.10
21416,CLAM SHELL LARGE,3.75
21417,COCKLE SHELL DISH,2.10
21421,PORCELAIN ROSE LARGE,1.25
21422,PORCELAIN ROSE SMALL,0.85
21426,WOODLAND STORAGE BOX SMALL,2.10
21427,SKULLS STORAGE BOX SMALL,2.10
21428,SET3 BOOK BOX GREEN GINGHAM FLOWER,4.25
21429,RED GINGHAM ROSE JEWELLERY BOX,2.08
21430,SET/3 RED GINGHAM ROSE STORAGE BOX,3.75
21439,BASKET OF TOADSTOOLS,2.51
21441,BLUE BIRDHOUSE DECORATION,0.85
21447,12 IVORY ROSE PEG PLACE SETTINGS,2.51
21448,12 DAISY PEGS IN WOOD BOX,1.65
21452,TOADSTOOL MONEY BOX,2.95
21462,"NURSERY A,B,C PAINTED LETTERS",6.75
21463,MIRRORED DISCO BALL,5.95
21464,DISCO BALL ROTATOR BATTERY OPERATED,4.25
21465,PINK FLOWER CROCHET FOOD COVER,3.75
21466,RED FLOWER CROCHET FOOD COVER,3.75
21467,CHERRY CROCHET FOOD COVER,3.75
21469,POLKA DOT RAFFIA FOOD COVER,3.75
21470,FLOWER VINE RAFFIA FOOD COVER,3.75
21471,STRAWBERRY RAFFIA FOOD COVER,3.75
21472,LADYBIRD + BEE RAFFIA FOOD COVER,3.75
21479,WHITE SKULL HOT WATER BOTTLE,4.35
21481,FAWN BLUE HOT WATER BOTTLE,3.32
21484,CHICK GREY HOT WATER BOTTLE,4.16
21485,RETROSPOT HEART HOT WATER BOTTLE,4.88
21486,PINK HEART DOTS HOT WATER BOTTLE,3.93
21488,RED WHITE SCARF  HOT WATER BOTTLE,5.76
21494,ROTATING LEAVES T-LIGHT HOLDER,2.52
21495,SKULLS AND CROSSBONES WRAP,0.42
21497,FANCY FONTS BIRTHDAY WRAP,0.42
21498,RED RETROSPOT WRAP,0.37
21499,BLUE POLKADOT WRAP,0.37
21500,PINK POLKADOT WRAP,0.39
21504,SKULLS GREETING CARD,0.42
21506,"FANCY FONT BIRTHDAY CARD,",0.41
21507,"ELEPHANT, BIRTHDAY CARD,",0.54
21508,VINTAGE KID DOLLY CARD,0.39
21509,COWBOYS AND INDIANS BIRTHDAY CARD,0.40
21518,BANK ACCOUNT  GREETING  CARD,0.42
21519,GIN & TONIC DIET GREETING CARD,0.51
21520,BOOZE & WOMEN GREETING CARD,0.56
21523,DOORMAT FANCY FONT HOME SWEET HOME,8.63
21524,DOORMAT SPOTTY HOME SWEET HOME,8.77
21527,RED RETROSPOT TRADITIONAL TEAPOT,7.78
21528,DAIRY MAID TRADITIONAL TEAPOT,6.95
21530,DAIRY MAID TOASTRACK,2.95
21531,RED RETROSPOT SUGAR JAM BOWL,2.55
21533,RETROSPOT LARGE MILK JUG,4.78
21537,RED RETROSPOT PUDDING BOWL,6.36
21538,DAIRY MAID  PUDDING BOWL,3.75
21539,RED RETROSPOT BUTTER DISH,4.95
21544,SKULLS  WATER TRANSFER TATTOOS,1.12
21547,CERAMIC BIRDHOUSE CRESTED TIT SMALL,5.91
21556,CERAMIC STRAWBERRY MONEY BOX,2.55
21557,SET OF 6 FUNKY BEAKERS,4.43
21559,STRAWBERRY LUNCH BOX WITH CUTLERY,3.55
21561,DINOSAUR LUNCH BOX WITH CUTLERY,2.55
21563,RED HEART SHAPE LOVE BUCKET,4.43
21564,PINK  HEART SHAPE LOVE BUCKET,5.91
21576,LETS GO SHOPPING COTTON TOTE BAG,3.66
21577,SAVE THE PLANET COTTON TOTE BAG,2.95
21578,WOODLAND DESIGN  COTTON TOTE BAG,2.25
21579,LOLITA  DESIGN  COTTON TOTE BAG,2.25
21581,SKULLS  DESIGN  COTTON TOTE BAG,2.25
21584,RETROSPOT SMALL TUBE MATCHES,1.65
21586,KINGS CHOICE GIANT TUBE MATCHES,2.55
21587,COSY HOUR GIANT TUBE MATCHES,2.55
21588,RETROSPOT GIANT TUBE MATCHES,2.55
21591,COSY HOUR CIGAR BOX MATCHES,1.25
21592,RETROSPOT CIGAR BOX MATCHES,1.25
21594,DR. JAM'S AROUZER STRESS BALL,4.21
21609,SET 12 LAVENDER  BOTANICAL T-LIGHTS,2.95
21620,SET OF 4 ROSE BOTANICAL CANDLES,3.75
21621,VINTAGE UNION JACK BUNTING,8.50
21622,VINTAGE UNION JACK CUSHION COVER,4.95
21623,VINTAGE UNION JACK MEMOBOARD,9.95
21624,VINTAGE UNION JACK DOORSTOP,5.95
21625,VINTAGE UNION JACK APRON,6.95
21629,SQUARE FLOOR CUSHION VINTAGE RED,7.95
21634,ASSORTED MINI MADRAS NOTEBOOK,2.51
21638,ASSORTED TUTTI FRUTTI NOTEBOOK,4.21
21641,ASSORTED TUTTI FRUTTI KEYRING BALL,1.66
21643,ASSORTED TUTTI FRUTTI MIRROR,1.25
21648,ASSORTED TUTTI FRUTTI SMALL PURSE,2.51
21651,HANGING GLASS ETCHED TEALIGHT,1.65
21654,RIDGED GLASS FINGER BOWL,1.45
21656,RIDGED GLASS POSY VASE,3.36
21657,MILK BOTTLE WITH GLASS STOPPER,6.95
21658,GLASS  BEURRE DISH,6.21
21662,VINTAGE GLASS COFFEE CADDY,8.91
21664,RIDGED GLASS STORAGE JAR CREAM LID,3.75
21668,RED STRIPE CERAMIC DRAWER KNOB,1.25
21669,BLUE STRIPE CERAMIC DRAWER KNOB,1.25
21670,BLUE SPOT CERAMIC DRAWER KNOB,1.25
21671,RED SPOT CERAMIC DRAWER KNOB,1.56
21672,WHITE SPOT RED CERAMIC DRAWER KNOB,1.25
21673,WHITE SPOT BLUE CERAMIC DRAWER KNOB,1.25
21676,FLOWERS  STICKERS,0.85
21678,PAISLEY PATTERN  STICKERS,0.85
21679,SKULLS  STICKERS,1.12
21684,SMALL MEDINA STAMPED METAL BOWL,2.51
21688,SILVER PLATE CANDLE BOWL SMALL,2.95
21690,SILVER  CANDLEPOT JARDIN,3.75
21694,SMALL REGAL  SILVER CANDLEPOT,2.95
21698,MOCK LOBSTER FRIDGE MAGNET,1.66
21700,BIG DOUGHNUT FRIDGE MAGNETS,4.66
21703,BAG 125G SWIRLY MARBLES,0.56
21704,BAG 250G SWIRLY MARBLES,1.25
21705,BAG 500G SWIRLY MARBLES,2.08
21706,FOLDING UMBRELLA RED/WHITE POLKADOT,6.69
21708,FOLDING UMBRELLA CREAM POLKADOT,4.95
21709,FOLDING UMBRELLA CHOCOLATE POLKADOT,4.95
21710,FOLDING UMBRELLA PINKWHITE POLKADOT,4.95
21711,FOLDING UMBRELLA WHITE/RED POLKADOT,4.95
21714,CITRONELLA CANDLE GARDEN POT,1.25
21715,GIRLS VINTAGE TIN SEASIDE BUCKET,2.55
21716,BOYS VINTAGE TIN SEASIDE BUCKET,3.80
21718,RED METAL BEACH SPADE,1.88
21719,LOVELY BONBON STICKER SHEET,0.85
21721,CANDY SHOP  STICKER SHEET,1.66
21722,SWEET PUDDING STICKER SHEET,1.25
21724,PANDA AND BUNNIES STICKER SHEET,0.85
21730,GLASS STAR FROSTED T-LIGHT HOLDER,4.25
21731,RED TOADSTOOL LED NIGHT LIGHT,1.92
21733,RED HANGING HEART T-LIGHT HOLDER,2.90
21735,TWO DOOR CURIO CABINET,12.75
21738,COSY SLIPPER SHOES SMALL  RED,2.95
21739,COSY SLIPPER SHOES SMALL GREEN,2.95
21741,COSY SLIPPER SHOES LARGE GREEN,2.95
21742,LARGE ROUND WICKER PLATTER,9.34
21743,STAR PORTABLE TABLE LIGHT,3.38
21744,SNOWFLAKE PORTABLE TABLE LIGHT,2.95
21745,GAOLERS KEYS DECORATIVE GARDEN,5.20
21754,HOME BUILDING BLOCK WORD,6.49
21755,LOVE BUILDING BLOCK WORD,6.80
21756,BATH BUILDING BLOCK WORD,6.69
21758,VINTAGE SHELLS PRINT,12.72
21761,WOOD AND GLASS MEDICINE CABINET,29.95
21769,VINTAGE POST OFFICE CABINET,79.95
21773,DECORATIVE ROSE BATHROOM BOTTLE,2.51
21774,DECORATIVE CATS BATHROOM BOTTLE,2.51
21775,DECORATIVE FLORE BATHROOM BOTTLE,2.51
21777,RECIPE BOX WITH METAL HEART,7.95
21781,MA CAMPAGNE CUTLERY BOX,14.95
21784,SHOE SHINE BOX,9.95
21786,POLKADOT RAIN HAT,0.61
21787,RAIN PONCHO RETROSPOT,1.66
21788,KIDS RAIN MAC BLUE,0.85
21789,KIDS RAIN MAC PINK,1.25
21790,VINTAGE SNAP CARDS,1.00
21791,VINTAGE HEADS AND TAILS CARD GAME,1.44
21794,CLASSIC FRENCH STYLE BASKET NATURAL,6.75
21801,CHRISTMAS TREE DECORATION WITH BELL,0.42
21802,CHRISTMAS TREE HEART DECORATION,0.43
21803,CHRISTMAS TREE STAR DECORATION,0.42
21804,WHITE CHRISTMAS GARLAND STARS TREES,3.75
21807,WHITE CHRISTMAS STAR DECORATION,0.42
21808,"CHRISTMAS GARLAND STARS,TREES",3.75
21809,CHRISTMAS HANGING TREE WITH BELL,2.09
21810,CHRISTMAS HANGING STAR WITH BELL,1.50
21811,CHRISTMAS HANGING HEART WITH BELL,1.56
21813,GARLAND WITH STARS AND BELLS,7.56
21814,HEART T-LIGHT HOLDER,1.45
21815,STAR  T-LIGHT HOLDER,1.45
21816,CHRISTMAS TREE T-LIGHT HOLDER,1.45
21817,GLITTER CHRISTMAS TREE,0.85
21818,GLITTER CHRISTMAS HEART,0.85
21820,GLITTER HEART GARLAND WITH BELLS,5.68
21821,GLITTER STAR GARLAND WITH BELLS,6.33
21822,GLITTER CHRISTMAS TREE WITH BELLS,4.21
21823,PAINTED METAL HEART WITH HOLLY BELL,1.96
21824,PAINTED METAL STAR WITH HOLLY BELLS,1.45
21826,EIGHT PIECE DINOSAUR SET,1.25
21830,ASSORTED CREEPY CRAWLIES,0.64
21832,CHOCOLATE CALCULATOR,2.22
21833,CAMOUFLAGE LED TORCH,2.06
21843,RED RETROSPOT CAKE STAND,10.95
21844,RED RETROSPOT MUG,4.13
21846,PINK DIAMANTE PEN IN GIFT BOX,4.21
21849,SILVER DIAMANTE PEN IN GIFT BOX,4.95
21850,BLUE  DIAMANTE PEN IN GIFT BOX,4.95
21851,LILAC DIAMANTE PEN IN GIFT BOX,4.46
21864,UNION JACK FLAG PASSPORT COVER,1.69
21866,UNION JACK FLAG LUGGAGE TAG,1.25
21867,PINK UNION JACK  LUGGAGE TAG,1.25
21868,POTTING SHED TEA MUG,2.30
21870,I CAN ONLY PLEASE ONE PERSON MUG,1.78
21871,SAVE THE PLANET MUG,1.34
21872,GLAMOROUS  MUG,1.25
21873,IF YOU CAN'T STAND THE HEAT MUG,1.25
21874,GIN AND TONIC MUG,1.95
21875,KINGS CHOICE MUG,2.30
21877,HOME SWEET HOME MUG,1.25
21879,HEARTS GIFT TAPE,1.66
21880,RED RETROSPOT TAPE,0.65
21881,CUTE CATS TAPE,0.65
21883,STARS GIFT TAPE,0.65
21884,CAKES AND BOWS GIFT  TAPE,1.66
21888,BINGO SET,5.04
21889,WOODEN BOX OF DOMINOES,1.61
21890,S/6 WOODEN SKITTLES IN COTTON BAG,2.95
21891,TRADITIONAL WOODEN SKIPPING ROPE,1.43
21892,TRADITIONAL WOODEN CATCH CUP GAME,1.75
21894,POTTING SHED SEED ENVELOPES,1.88
21895,POTTING SHED SOW 'N' GROW SET,4.25
21896,POTTING SHED TWINE,4.21
21899,"KEY FOB , GARAGE DESIGN",0.99
21900,"KEY FOB , SHED",0.65
21901,"KEY FOB , BACK DOOR",0.65
21902,"KEY FOB , FRONT  DOOR",0.65
21906,PHARMACIE FIRST AID TIN,13.57
21907,I'M ON HOLIDAY METAL SIGN,2.10
21908,CHOCOLATE THIS WAY METAL SIGN,2.80
21911,GARDEN METAL SIGN,2.22
21912,VINTAGE SNAKES & LADDERS,4.72
21913,VINTAGE SEASIDE JIGSAW PUZZLES,5.04
21914,BLUE HARMONICA IN BOX,1.53
21915,RED  HARMONICA IN BOX,1.51
21916,SET 12 RETRO WHITE CHALK STICKS,0.42
21917,SET 12 KIDS  WHITE CHALK STICKS,0.42
21918,SET 12 KIDS COLOUR  CHALK STICKS,0.42
21922,UNION STRIPE WITH FRINGE  HAMMOCK,10.96
21925,UNION STRIPE CUSHION COVER,1.25
21927,BLUE/CREAM STRIPE CUSHION COVER,1.25
21928,JUMBO BAG SCANDINAVIAN PAISLEY,2.37
21929,JUMBO BAG PINK VINTAGE PAISLEY,2.44
21930,JUMBO STORAGE BAG SKULLS,1.88
21931,JUMBO STORAGE BAG SUKI,2.23
21934,SKULL SHOULDER BAG,2.50
21935,SUKI  SHOULDER BAG,2.50
21942,SKULLS DESIGN FLANNEL,1.66
21944,KITTENS DESIGN FLANNEL,1.66
21948,SET OF 6 CAKE CHOPSTICKS,1.25
21949,SET OF 6 STRAWBERRY CHOPSTICKS,2.09
21955,DOORMAT UNION JACK GUNS AND ROSES,7.95
21967,PACK OF 12 SKULL TISSUES,0.29
21974,SET OF 36 PAISLEY FLOWER DOILIES,2.22
21975,PACK OF 60 DINOSAUR CAKE CASES,0.84
21976,PACK OF 60 MUSHROOM CAKE CASES,0.92
21977,PACK OF 60 PINK PAISLEY CAKE CASES,0.68
21980,PACK OF 12 RED RETROSPOT TISSUES,0.29
21981,PACK OF 12 WOODLAND TISSUES,0.43
21982,PACK OF 12 SUKI TISSUES,0.48
21983,PACK OF 12 BLUE PAISLEY TISSUES,0.29
21984,PACK OF 12 PINK PAISLEY TISSUES,0.43
21985,PACK OF 12 HEARTS DESIGN TISSUES,0.43
21986,PACK OF 12 PINK POLKADOT TISSUES,0.29
21987,PACK OF 6 SKULL PAPER CUPS,0.65
21988,PACK OF 6 SKULL PAPER PLATES,0.85
21989,PACK OF 20 SKULL PAPER NAPKINS,0.85
21990,MODERN FLORAL STATIONERY SET,2.66
21991,BOHEMIAN COLLAGE STATIONERY SET,2.51
21992,VINTAGE PAISLEY STATIONERY SET,2.77
21993,FLORAL FOLK STATIONERY SET,2.73
22023,EMPIRE BIRTHDAY CARD,0.42
22024,RAINY LADIES BIRTHDAY CARD,0.42
22025,RING OF ROSES BIRTHDAY CARD,0.42
22027,TEA PARTY BIRTHDAY CARD,0.42
22028,PENNY FARTHING BIRTHDAY CARD,0.42
22029,SPACEBOY BIRTHDAY CARD,0.42
22030,SWALLOWS GREETING CARD,0.42
22031,BOTANICAL LAVENDER BIRTHDAY CARD,0.42
22037,ROBOT BIRTHDAY CARD,0.56
22041,"RECORD FRAME 7"" SINGLE SIZE",2.33
22042,CHRISTMAS CARD SINGING ANGEL,0.42
22043,CHRISTMAS CARD SCREEN PRINT,0.42
22044,CHRISTMAS CARD STACK OF PRESENTS,0.42
22045,SPACEBOY GIFT WRAP,0.42
22049,WRAP CHRISTMAS SCREEN PRINT,0.42
22059,CERAMIC STRAWBERRY DESIGN MUG,1.25
22060,LARGE CAKE STAND HANGING HEARTS,9.95
22061,LARGE CAKE STAND  HANGING STRAWBERY,9.95
22064,PINK DOUGHNUT TRINKET POT,2.50
22065,CHRISTMAS PUDDING TRINKET POT,2.09
22067,CHOC TRUFFLE GOLD TRINKET POT,2.50
22068,BLACK PIRATE TREASURE CHEST,2.50
22069,BROWN  PIRATE TREASURE CHEST,3.36
22070,SMALL RED RETROSPOT MUG IN BOX,3.75
22071,SMALL WHITE RETROSPOT MUG IN BOX,5.68
22074,6 RIBBONS SHIMMERING PINKS,1.65
22075,6 RIBBONS ELEGANT CHRISTMAS,1.91
22076,6 RIBBONS EMPIRE,3.36
22077,6 RIBBONS RUSTIC CHARM,1.91
22078,RIBBON REEL LACE DESIGN,4.21
22080,RIBBON REEL POLKADOTS,3.36
22081,RIBBON REEL FLORA + FAUNA,2.79
22082,RIBBON REEL STRIPES DESIGN,2.14
22083,PAPER CHAIN KIT RETROSPOT,3.94
22084,PAPER CHAIN KIT EMPIRE,3.94
22086,PAPER CHAIN KIT 50'S CHRISTMAS,3.15
22087,PAPER BUNTING WHITE LACE,3.94
22088,PAPER BUNTING COLOURED LACE,2.95
22089,PAPER BUNTING VINTAGE PAISLEY,2.95
22090,PAPER BUNTING RETROSPOT,4.43
22091,EMPIRE TISSUE BOX,2.51
22092,BLUE PAISLEY TISSUE BOX,1.25
22094,RED RETROSPOT TISSUE BOX,1.25
22095,LADS ONLY TISSUE BOX,1.56
22096,PINK PAISLEY SQUARE TISSUE BOX,1.25
22097,SWALLOW SQUARE TISSUE BOX,1.25
22098,BOUDOIR SQUARE TISSUE BOX,1.25
22099,CARAVAN SQUARE TISSUE BOX,1.25
22100,SKULLS SQUARE TISSUE BOX,1.88
22107,PIZZA PLATE IN BOX,4.72
22109,FULL ENGLISH BREAKFAST PLATE,4.45
22110,BIRD HOUSE HOT WATER BOTTLE,3.82
22111,SCOTTIE DOG HOT WATER BOTTLE,5.76
22112,CHOCOLATE HOT WATER BOTTLE,5.96
22113,GREY HEART HOT WATER BOTTLE,3.72
22114,HOT WATER BOTTLE TEA AND SYMPATHY,4.42
22115,METAL SIGN EMPIRE TEA,4.43
22117,METAL SIGN HER DINNER IS SERVED,4.43
22118,JOY WOODEN BLOCK LETTERS,4.95
22119,PEACE WOODEN BLOCK LETTERS,6.95
22120,WELCOME  WOODEN BLOCK LETTERS,9.95
22121,NOEL WOODEN BLOCK LETTERS,6.80
22124,SET OF 2 TEA TOWELS PING MICROWAVE,2.51
22127,PARTY CONES CARNIVAL ASSORTED,1.25
22128,PARTY CONES CANDY ASSORTED,1.25
22130,PARTY CONE CHRISTMAS DECORATION,1.92
22131,FOOD CONTAINER SET 3 LOVE HEART,1.95
22134,LADLE LOVE HEART RED,0.85
22135,LADLE LOVE HEART PINK,0.71
22136,LOVE HEART SOCK HANGER,1.65
22139,RETROSPOT TEA SET CERAMIC 11 PC,4.25
22141,CHRISTMAS CRAFT TREE TOP ANGEL,2.94
22142,CHRISTMAS CRAFT WHITE FAIRY,2.09
22144,CHRISTMAS CRAFT LITTLE FRIENDS,2.52
22147,FELTCRAFT BUTTERFLY HEARTS,1.74
22149,FELTCRAFT 6 FLOWER FRIENDS,2.57
22150,3 STRIPEY MICE FELTCRAFT,1.95
22151,PLACE SETTING WHITE HEART,0.42
22152,PLACE SETTING WHITE STAR,0.42
22153,ANGEL DECORATION STARS ON DRESS,0.64
22154,ANGEL DECORATION 3 BUTTONS,0.85
22155,STAR DECORATION RUSTIC,0.64
22156,HEART DECORATION WITH PEARLS,1.66
22161,HEART DECORATION RUSTIC HANGING,0.76
22162,HEART GARLAND RUSTIC PADDED,3.22
22164,STRING OF STARS CARD HOLDER,2.95
22165,"DIAMANTE HEART SHAPED WALL MIRROR,",11.88
22168,ORGANISER WOOD ANTIQUE WHITE,8.50
22169,FAMILY ALBUM WHITE PICTURE FRAME,12.74
22170,PICTURE FRAME WOOD TRIPLE PORTRAIT,6.75
22171,3 HOOK PHOTO SHELF ANTIQUE WHITE,8.50
22173,METAL 4 HOOK HANGER FRENCH CHATEAU,2.95
22174,PHOTO CUBE,2.11
22175,PINK OWL SOFT TOY,2.95
22176,BLUE OWL SOFT TOY,2.95
22178,VICTORIAN GLASS HANGING T-LIGHT,1.67
22179,SET 10 LIGHTS NIGHT OWL,6.55
22180,RETROSPOT LAMP,9.95
22181,SNOWSTORM PHOTO FRAME FRIDGE MAGNET,0.85
22182,CAKE STAND VICTORIAN FILIGREE SMALL,4.21
22183,CAKE STAND VICTORIAN FILIGREE MED,6.54
22184,CAKE STAND VICTORIAN FILIGREE LARGE,8.47
22185,SLATE TILE NATURAL HANGING,2.50
22186,RED STAR CARD HOLDER,2.82
22187,GREEN CHRISTMAS TREE CARD HOLDER,4.25
22188,BLACK HEART CARD HOLDER,4.94
22189,CREAM HEART CARD HOLDER,4.94
22190,LOCAL CAFE MUG,2.37
22191,IVORY DINER WALL CLOCK,8.50
22192,BLUE DINER WALL CLOCK,8.50
22193,RED DINER WALL CLOCK,8.50
22194,BLACK DINER WALL CLOCK,8.50
22195,LARGE HEART MEASURING SPOONS,2.22
22196,SMALL HEART MEASURING SPOONS,1.05
22197,SMALL POPCORN HOLDER,0.93
22198,LARGE POPCORN HOLDER,1.94
22202,MILK PAN PINK POLKADOT,3.75
22203,MILK PAN RED RETROSPOT,7.62
22207,FRYING PAN UNION FLAG,6.90
22208,WOOD STAMP SET THANK YOU,2.50
22209,WOOD STAMP SET HAPPY BIRTHDAY,1.65
22210,WOOD STAMP SET BEST WISHES,1.65
22212,FOUR HOOK  WHITE LOVEBIRDS,2.10
22215,CAKE STAND WHITE TWO TIER LACE,8.50
22217,T-LIGHT HOLDER HANGING LACE,1.25
22219,LOVEBIRD HANGING DECORATION WHITE,1.01
22220,CAKE STAND LOVEBIRD 2 TIER WHITE,9.95
22222,CAKE PLATE LOVEBIRD WHITE,4.95
22224,WHITE LOVEBIRD LANTERN,4.43
22227,HANGING HEART MIRROR DECORATION,0.65
22241,GARLAND WOODEN HAPPY EASTER,1.25
22242,5 HOOK HANGER MAGIC TOADSTOOL,1.65
22243,5 HOOK HANGER RED MAGIC TOADSTOOL,1.65
22244,3 HOOK HANGER MAGIC GARDEN,1.95
22245,"HOOK, 1 HANGER ,MAGIC GARDEN",1.12
22246,MAGIC GARDEN FELT GARLAND,4.21
22260,FELT EGG COSY BLUE RABBIT,1.25
22261,FELT EGG COSY WHITE RABBIT,1.25
22262,FELT EGG COSY CHICKEN,1.25
22264,FELT FARM ANIMAL WHITE BUNNY,0.85
22265,EASTER DECORATION NATURAL CHICK,1.28
22271,FELTCRAFT DOLL ROSIE,2.95
22272,FELTCRAFT DOLL MARIA,2.95
22273,FELTCRAFT DOLL MOLLY,2.95
22274,FELTCRAFT DOLL EMILY,2.95
22275,WEEKEND BAG VINTAGE ROSE PAISLEY,7.65
22276,WASH BAG VINTAGE ROSE PAISLEY,5.91
22277,COSMETIC BAG VINTAGE ROSE PAISLEY,3.16
22278,OVERNIGHT BAG VINTAGE ROSE PAISLEY,7.98
22283,6 EGG HOUSE PAINTED WOOD,16.13
22284,HEN HOUSE DECORATION,1.65
22285,"DECORATION HEN ON NEST, HANGING",1.65
22292,HANGING CHICK  YELLOW DECORATION,1.45
22294,HEART FILIGREE DOVE  SMALL,1.61
22295,HEART FILIGREE DOVE LARGE,1.65
22296,HEART IVORY TRELLIS LARGE,2.08
22297,HEART IVORY TRELLIS SMALL,1.56
22299,PIG KEYRING WITH LIGHT & SOUND,2.51
22300,COFFEE MUG DOG + BALL DESIGN,5.06
22301,COFFEE MUG CAT + BIRD DESIGN,4.22
22304,COFFEE MUG BLUE PAISLEY DESIGN,5.06
22308,TEA COSY BLUE STRIPE,5.06
22309,TEA COSY RED  STRIPE,5.06
22310,IVORY KNITTED MUG COSY,2.33
22311,OFFICE MUG WARMER BLACK+SILVER,3.94
22312,OFFICE MUG WARMER POLKADOT,3.94
22313,OFFICE MUG WARMER PINK,2.95
22314,OFFICE MUG WARMER CHOC+BLUE,4.92
22315,200 RED + WHITE BENDY STRAWS,1.25
22316,200 BENDY SKULL STRAWS,1.25
22317,FIVE CATS HANGING DECORATION,5.91
22318,FIVE HEART HANGING DECORATION,3.69
22320,BIRDS MOBILE VINTAGE DESIGN,5.95
22321,BIRD DECORATION RED RETROSPOT,0.85
22324,BLUE POLKADOT KIDS BAG,4.21
22325,MOBILE VINTAGE HEARTS,8.41
22326,ROUND SNACK BOXES SET OF4 WOODLAND,2.95
22327,ROUND SNACK BOXES SET OF 4 SKULLS,2.95
22328,ROUND SNACK BOXES SET OF 4 FRUITS,2.88
22331,WOODLAND PARTY BAG + STICKER SET,3.36
22332,SKULLS PARTY BAG + STICKER SET,1.65
22333,RETROSPOT PARTY BAG + STICKER SET,1.65
22334,DINOSAUR PARTY BAG + STICKER SET,1.65
22335,HEART DECORATION PAINTED ZINC,0.86
22336,DOVE DECORATION PAINTED ZINC,0.97
22338,STAR DECORATION PAINTED ZINC,0.65
22341,LOVE GARLAND PAINTED ZINC,1.65
22342,HOME GARLAND PAINTED ZINC,3.36
22343,PARTY PIZZA DISH RED RETROSPOT,0.85
22345,PARTY PIZZA DISH BLUE POLKADOT,1.66
22348,TEA BAG PLATE RED RETROSPOT,1.66
22349,DOG BOWL CHASING BALL DESIGN,3.75
22350,ILLUSTRATED CAT BOWL,3.80
22352,LUNCH BOX WITH CUTLERY RETROSPOT,3.39
22355,CHARLOTTE BAG SUKI DESIGN,1.12
22356,CHARLOTTE BAG PINK POLKADOT,1.25
22357,KINGS CHOICE BISCUIT TIN,5.66
22358,KINGS CHOICE TEA CADDY,2.95
22359,GLASS JAR KINGS CHOICE,5.91
22360,GLASS JAR ENGLISH CONFECTIONERY,4.43
22361,GLASS JAR DAISY FRESH COTTON WOOL,5.91
22364,GLASS JAR DIGESTIVE BISCUITS,4.43
22365,DOORMAT RESPECTABLE HOUSE,7.55
22366,DOORMAT AIRMAIL,7.35
22367,CHILDRENS APRON SPACEBOY DESIGN,2.33
22371,AIRLINE BAG VINTAGE TOKYO 78,5.66
22372,AIRLINE BAG VINTAGE WORLD CHAMPION,4.25
22374,AIRLINE BAG VINTAGE JET SET RED,4.25
22375,AIRLINE BAG VINTAGE JET SET BROWN,6.36
22376,AIRLINE BAG VINTAGE JET SET WHITE,5.94
22378,WALL TIDY RETROSPOT,3.16
22379,RECYCLING BAG RETROSPOT,2.52
22380,TOY TIDY SPACEBOY,3.16
22381,TOY TIDY PINK POLKADOT,3.03
22382,LUNCH BAG SPACEBOY DESIGN,1.65
22383,LUNCH BAG SUKI  DESIGN,2.16
22384,LUNCH BAG PINK POLKADOT,2.08
22385,JUMBO BAG SPACEBOY DESIGN,1.95
22386,JUMBO BAG PINK POLKADOT,2.23
22393,PAPERWEIGHT VINTAGE COLLAGE,5.06
22394,PAPERWEIGHT KINGS CHOICE,5.06
22396,MAGNETS PACK OF 4 RETRO PHOTO,2.51
22399,MAGNETS PACK OF 4 CHILDHOOD MEMORY,1.25
22400,MAGNETS PACK OF 4 HOME SWEET HOME,1.25
22402,MAGNETS PACK OF 4 VINTAGE COLLAGE,1.25
22405,MONEY BOX POCKET MONEY DESIGN,1.88
22406,MONEY BOX KINGS CHOICE DESIGN,1.25
22408,MONEY BOX CONFECTIONERY DESIGN,1.25
22409,MONEY BOX BISCUITS DESIGN,2.51
22411,JUMBO SHOPPER VINTAGE RED PAISLEY,1.91
22413,METAL SIGN TAKE IT OR LEAVE IT,3.69
22417,PACK OF 60 SPACEBOY CAKE CASES,0.55
22418,10 COLOUR SPACEBOY PEN,0.95
22419,LIPSTICK PEN RED,0.71
22420,LIPSTICK PEN BABY PINK,0.85
22421,LIPSTICK PEN FUSCHIA,0.64
22422,TOOTHPASTE TUBE PEN,1.07
22423,REGENCY CAKESTAND 3 TIER,12.49
22424,ENAMEL BREAD BIN CREAM,12.15
22425,ENAMEL COLANDER CREAM,7.56
22426,ENAMEL WASH BOWL CREAM,3.75
22427,ENAMEL FLOWER JUG CREAM,7.13
22428,ENAMEL FIRE BUCKET CREAM,8.20
22429,ENAMEL MEASURING JUG CREAM,4.25
22430,ENAMEL WATERING CAN CREAM,7.56
22431,WATERING CAN BLUE ELEPHANT,1.95
22432,WATERING CAN PINK BUNNY,3.08
22433,WATERING CAN GREEN DINOSAUR,1.95
22434,BALLOON PUMP WITH 10 BALLOONS,1.95
22435,SET OF 9 HEART SHAPED BALLOONS,1.25
22436,12 COLOURED PARTY BALLOONS,0.65
22437,SET OF 9 BLACK SKULL BALLOONS,1.25
22438,BALLOON ART MAKE YOUR OWN FLOWERS,1.95
22439,6 ROCKET BALLOONS,0.65
22440,BALLOON WATER BOMB PACK OF 35,0.42
22441,GROW YOUR OWN BASIL IN ENAMEL MUG,2.10
22442,GROW YOUR OWN FLOWERS SET OF 3,7.95
22443,GROW YOUR OWN HERBS SET OF 3,7.95
22444,GROW YOUR OWN PLANT IN A CAN,1.61
22445,PENCIL CASE LIFE IS BEAUTIFUL,2.95
22446,PIN CUSHION BABUSHKA PINK,3.35
22447,PIN CUSHION BABUSHKA BLUE,3.35
22448,PIN CUSHION BABUSHKA RED,3.35
22449,SILK PURSE BABUSHKA PINK,4.03
22450,SILK PURSE BABUSHKA BLUE,3.35
22451,SILK PURSE BABUSHKA RED,4.49
22452,MEASURING TAPE BABUSHKA PINK,2.55
22453,MEASURING TAPE BABUSHKA BLUE,2.82
22454,MEASURING TAPE BABUSHKA RED,2.75
22457,NATURAL SLATE HEART CHALKBOARD,3.25
22458,CAST IRON HOOK GARDEN FORK,5.06
22459,CAST IRON HOOK GARDEN TROWEL,5.06
22460,EMBOSSED GLASS TEALIGHT HOLDER,1.25
22464,HANGING METAL HEART LANTERN,1.65
22465,HANGING METAL STAR LANTERN,1.65
22466,FAIRY TALE COTTAGE NIGHTLIGHT,1.85
22467,GUMBALL COAT RACK,2.96
22468,BABUSHKA LIGHTS STRING OF 10,6.75
22469,HEART OF WICKER SMALL,1.84
22470,HEART OF WICKER LARGE,3.18
22471,TV DINNER TRAY AIR HOSTESS,7.98
22472,TV DINNER TRAY DOLLY GIRL,6.97
22473,TV DINNER TRAY VINTAGE PAISLEY,4.95
22474,SPACEBOY TV DINNER TRAY,4.95
22476,EMPIRE UNION JACK TV DINNER TRAY,7.98
22477,WATERING CAN GARDEN MARKER,1.88
22478,BIRDHOUSE GARDEN MARKER,2.51
22479,DAISY GARDEN MARKER,2.51
22480,RED TEA TOWEL CLASSIC DESIGN,1.25
22481,BLACK TEA TOWEL CLASSIC DESIGN,1.25
22482,BLUE TEA TOWEL CLASSIC DESIGN,1.25
22485,SET OF 2 WOODEN MARKET CRATES,12.75
22487,WHITE WOOD GARDEN PLANT LADDER,16.90
22488,NATURAL SLATE RECTANGLE CHALKBOARD,1.65
22489,PACK OF 12 TRADITIONAL CRAYONS,0.59
22491,PACK OF 12 COLOURED PENCILS,0.85
22492,MINI PAINT SET VINTAGE,0.63
22493,PAINT YOUR OWN CANVAS SET,1.65
22494,EMERGENCY FIRST AID TIN,1.67
22496,SET OF 2 ROUND TINS DUTCH CHEESE,2.95
22497,SET OF 2 TINS VINTAGE BATHROOM,6.36
22499,WOODEN UNION JACK BUNTING,9.34
22500,SET OF 2 TINS JARDIN DE PROVENCE,4.95
22501,PICNIC BASKET WICKER LARGE,12.21
22502,PICNIC BASKET WICKER SMALL,5.82
22503,CABIN BAG VINTAGE PAISLEY,59.53
22505,MEMO BOARD COTTAGE DESIGN,4.95
22507,MEMO BOARD RETROSPOT  DESIGN,4.95
22508,DOORSTOP RETROSPOT HEART,5.04
22511,RETROSPOT BABUSHKA DOORSTOP,3.75
22514,CHILDS GARDEN SPADE BLUE,2.10
22515,CHILDS GARDEN SPADE PINK,4.21
22517,CHILDS GARDEN RAKE PINK,4.21
22519,CHILDS GARDEN BRUSH PINK,3.16
22524,CHILDRENS GARDEN GLOVES BLUE,1.25
22529,MAGIC DRAWING SLATE GO TO THE FAIR,0.42
22530,MAGIC DRAWING SLATE DOLLY GIRL,0.53
22531,MAGIC DRAWING SLATE CIRCUS PARADE,0.56
22533,MAGIC DRAWING SLATE BAKE A CAKE,0.38
22534,MAGIC DRAWING SLATE SPACEBOY,0.47
22536,MAGIC DRAWING SLATE PURDEY,0.50
22537,MAGIC DRAWING SLATE DINOSAUR,0.64
22539,MINI JIGSAW DOLLY GIRL,0.71
22540,MINI JIGSAW CIRCUS PARADE,0.53
22543,MINI JIGSAW BAKE A CAKE,0.42
22544,MINI JIGSAW SPACEBOY,0.53
22545,MINI JIGSAW BUNNIES,0.85
22547,MINI JIGSAW DINOSAUR,0.64
22548,HEADS AND TAILS SPORTING FUN,1.67
22549,PICTURE DOMINOES,1.72
22550,HOLIDAY FUN LUDO,7.62
22551,PLASTERS IN TIN SPACEBOY,1.65
22553,PLASTERS IN TIN SKULLS,1.99
22554,PLASTERS IN TIN WOODLAND ANIMALS,1.65
22555,PLASTERS IN TIN STRONGMAN,1.93
22556,PLASTERS IN TIN CIRCUS PARADE,1.65
22557,PLASTERS IN TIN VINTAGE PAISLEY,1.81
22558,CLOTHES PEGS RETROSPOT PACK 24,1.52
22559,SEASIDE FLYING DISC,1.25
22560,TRADITIONAL MODELLING CLAY,1.88
22561,WOODEN SCHOOL COLOURING SET,1.99
22562,MONSTERS STENCIL CRAFT,1.25
22564,ALPHABET STENCIL CRAFT,1.25
22565,FELTCRAFT HAIRBANDS PINK AND WHITE,1.25
22566,FELTCRAFT HAIRBAND PINK AND PURPLE,1.12
22567,20 DOLLY PEGS RETROSPOT,1.25
22568,FELTCRAFT CUSHION OWL,3.75
22569,FELTCRAFT CUSHION BUTTERFLY,4.86
22570,FELTCRAFT CUSHION RABBIT,4.23
22571,ROCKING HORSE RED CHRISTMAS,1.22
22572,ROCKING HORSE GREEN CHRISTMAS,0.85
22573,STAR WOODEN CHRISTMAS DECORATION,0.98
22574,HEART WOODEN CHRISTMAS DECORATION,0.99
22575,METAL MERRY CHRISTMAS WREATH,1.95
22576,SWALLOW WOODEN CHRISTMAS DECORATION,0.85
22577,WOODEN HEART CHRISTMAS SCANDINAVIAN,0.85
22578,WOODEN STAR CHRISTMAS SCANDINAVIAN,0.85
22579,WOODEN TREE CHRISTMAS SCANDINAVIAN,0.85
22580,ADVENT CALENDAR GINGHAM SACK,8.12
22581,WOOD STOCKING CHRISTMAS SCANDISPOT,1.25
22582,PACK OF 6 SWEETIE GIFT BOXES,3.80
22583,PACK OF 6 HANDBAG GIFT BOXES,3.39
22584,PACK OF 6 PANNETONE GIFT BOXES,3.18
22585,PACK OF 6 BIRDY GIFT TAGS,1.23
22586,FELTCRAFT HAIRBAND PINK AND BLUE,1.66
22587,FELTCRAFT HAIRBAND RED AND BLUE,1.25
22588,CARD HOLDER GINGHAM HEART,3.69
22589,CARDHOLDER GINGHAM STAR,4.22
22591,CARDHOLDER GINGHAM CHRISTMAS TREE,2.55
22592,CARDHOLDER HOLLY WREATH METAL,3.75
22593,CHRISTMAS GINGHAM STAR,0.80
22594,CHRISTMAS GINGHAM TREE,0.85
22595,CHRISTMAS GINGHAM HEART,0.92
22597,CHRISTMAS MUSICAL ZINC HEART,0.85
22599,CHRISTMAS MUSICAL ZINC STAR,0.85
22600,CHRISTMAS RETROSPOT STAR WOOD,1.39
22601,CHRISTMAS RETROSPOT ANGEL WOOD,1.25
22602,CHRISTMAS RETROSPOT HEART WOOD,1.12
22603,CHRISTMAS RETROSPOT TREE WOOD,1.17
22604,SET OF 4 NAPKIN CHARMS CUTLERY,2.55
22605,WOODEN CROQUET GARDEN SET,20.22
22607,WOODEN ROUNDERS GARDEN SET,9.95
22610,PENS ASSORTED FUNNY FACE,0.85
22614,PACK OF 12 SPACEBOY TISSUES,0.57
22615,PACK OF 12 CIRCUS PARADE TISSUES,0.29
22616,PACK OF 12 LONDON TISSUES,0.35
22617,BAKING SET SPACEBOY DESIGN,4.75
22618,COOKING SET RETROSPOT,9.95
22619,SET OF 6 SOLDIER SKITTLES,4.14
22620,4 TRADITIONAL SPINNING TOPS,1.75
22622,BOX OF VINTAGE ALPHABET BLOCKS,11.83
22623,BOX OF VINTAGE JIGSAW BLOCKS,4.95
22624,IVORY KITCHEN SCALES,9.91
22625,RED KITCHEN SCALES,10.92
22626,BLACK KITCHEN SCALES,8.50
22627,MINT KITCHEN SCALES,8.50
22629,SPACEBOY LUNCH BOX,2.19
22630,DOLLY GIRL LUNCH BOX,1.83
22631,CIRCUS PARADE LUNCH BOX,2.52
22632,HAND WARMER RED POLKA DOT,2.09
22633,HAND WARMER UNION JACK,1.97
22634,CHILDS BREAKFAST SET SPACEBOY,9.95
22635,CHILDS BREAKFAST SET DOLLY GIRL,11.69
22636,CHILDS BREAKFAST SET CIRCUS PARADE,8.50
22637,PIGGY BANK RETROSPOT,2.91
22638,SET OF 4 NAPKIN CHARMS CROWNS,2.55
22639,SET OF 4 NAPKIN CHARMS HEARTS,3.80
22640,SET OF 4 NAPKIN CHARMS 3 KEYS,2.55
22641,SET OF 4 NAPKIN CHARMS INSTRUMENT,2.55
22642,SET OF 4 NAPKIN CHARMS STARS,2.55
22643,SET OF 4 NAPKIN CHARMS LEAVES,2.55
22644,CERAMIC CHERRY CAKE MONEY BANK,2.09
22645,CERAMIC HEART FAIRY CAKE MONEY BANK,2.41
22646,CERAMIC STRAWBERRY CAKE MONEY BANK,1.69
22649,STRAWBERRY FAIRY CAKE TEAPOT,7.98
22650,CERAMIC PIRATE CHEST MONEY BANK,1.45
22651,GENTLEMAN SHIRT REPAIR KIT,1.25
22652,TRAVEL SEWING KIT,1.65
22653,BUTTON BOX,1.95
22654,DELUXE SEWING KIT,6.93
22655,VINTAGE RED KITCHEN CABINET,295.00
22659,LUNCH BOX I LOVE LONDON,2.05
22660,DOORMAT I LOVE LONDON,7.95
22661,CHARLOTTE BAG DOLLY GIRL DESIGN,0.85
22662,LUNCH BAG DOLLY GIRL DESIGN,2.16
22663,JUMBO BAG DOLLY GIRL DESIGN,2.40
22664,TOY TIDY DOLLY GIRL DESIGN,3.16
22665,RECIPE BOX BLUE SKETCHBOOK DESIGN,4.13
22666,RECIPE BOX PANTRY YELLOW DESIGN,3.61
22667,RECIPE BOX RETROSPOT,2.95
22668,PINK BABY BUNTING,5.91
22669,RED BABY BUNTING,4.92
22670,FRENCH WC SIGN BLUE METAL,1.25
22672,FRENCH BATHROOM SIGN BLUE METAL,1.65
22673,FRENCH GARDEN SIGN BLUE METAL,2.51
22675,FRENCH KITCHEN SIGN BLUE METAL,2.51
22676,FRENCH BLUE METAL DOOR SIGN 1,1.25
22678,FRENCH BLUE METAL DOOR SIGN 3,1.88
22680,FRENCH BLUE METAL DOOR SIGN 5,1.25
22686,FRENCH BLUE METAL DOOR SIGN NO,1.25
22688,DOORMAT PEACE ON EARTH BLUE,7.95
22689,DOORMAT MERRY CHRISTMAS RED,6.75
22692,DOORMAT WELCOME TO OUR HOME,7.95
22694,WICKER STAR,2.80
22695,WICKER WREATH SMALL,2.09
22696,WICKER WREATH LARGE,2.40
22697,GREEN REGENCY TEACUP AND SAUCER,3.94
22699,ROSES REGENCY TEACUP AND SAUCER,3.94
22704,WRAP RED APPLES,0.42
22705,WRAP GREEN PEARS,0.42
22706,WRAP COWBOYS,0.42
22712,CARD DOLLY GIRL,0.56
22713,CARD I LOVE LONDON,0.53
22714,CARD BIRTHDAY COWBOY,0.42
22716,CARD CIRCUS PARADE,0.42
22717,CARD DOG AND BALL,0.42
22718,CARD CAT AND TREE,0.42
22719,GUMBALL MONOCHROME COAT RACK,1.78
22725,ALARM CLOCK BAKELIKE CHOCOLATE,3.75
22726,ALARM CLOCK BAKELIKE GREEN,4.01
22727,ALARM CLOCK BAKELIKE RED,4.07
22728,ALARM CLOCK BAKELIKE PINK,4.40
22729,ALARM CLOCK BAKELIKE ORANGE,4.30
22730,ALARM CLOCK BAKELIKE IVORY,4.18
22731,3D CHRISTMAS STAMPS STICKERS,1.25
22733,3D TRADITIONAL CHRISTMAS STICKERS,1.25
22734,SET OF 6 RIBBONS VINTAGE CHRISTMAS,5.06
22735,RIBBON REEL SOCKS AND MITTENS,2.22
22736,RIBBON REEL MAKING SNOWMEN,1.65
22737,RIBBON REEL CHRISTMAS PRESENT,2.33
22738,RIBBON REEL SNOWY VILLAGE,2.22
22739,RIBBON REEL CHRISTMAS SOCK BAUBLE,2.22
22740,POLKADOT PEN,1.12
22741,FUNKY DIVA PEN,1.66
22742,MAKE YOUR OWN PLAYTIME CARD KIT,4.43
22743,MAKE YOUR OWN FLOWERPOWER CARD KIT,2.95
22744,MAKE YOUR OWN MONSOON CARD KIT,3.44
22745,POPPY'S PLAYHOUSE BEDROOM,2.63
22746,POPPY'S PLAYHOUSE LIVINGROOM,2.80
22747,POPPY'S PLAYHOUSE BATHROOM,4.21
22748,POPPY'S PLAYHOUSE KITCHEN,2.80
22749,FELTCRAFT PRINCESS CHARLOTTE DOLL,4.18
22750,FELTCRAFT PRINCESS LOLA DOLL,3.75
22751,FELTCRAFT PRINCESS OLIVIA DOLL,5.04
22752,SET 7 BABUSHKA NESTING BOXES,7.93
22753,SMALL YELLOW BABUSHKA NOTEBOOK,0.85
22754,SMALL RED BABUSHKA NOTEBOOK,1.25
22755,SMALL PURPLE BABUSHKA NOTEBOOK,1.12
22756,LARGE YELLOW BABUSHKA NOTEBOOK,2.51
22757,LARGE RED BABUSHKA NOTEBOOK,2.51
22758,LARGE PURPLE BABUSHKA NOTEBOOK,2.51
22759,SET OF 3 NOTEBOOKS IN PARCEL,2.08
22760,"TRAY, BREAKFAST IN BED",19.12
22761,CHEST 7 DRAWER MA CAMPAGNE,24.95
22763,KEY CABINET MA CAMPAGNE,9.95
22765,NEWSPAPER STAND,14.95
22766,PHOTO FRAME CORNICE,2.95
22767,TRIPLE PHOTO FRAME CORNICE,9.95
22768,FAMILY PHOTO FRAME CORNICE,9.95
22769,CHALKBOARD KITCHEN ORGANISER,51.02
22771,CLEAR DRAWER KNOB ACRYLIC EDWARDIAN,1.25
22772,PINK DRAWER KNOB ACRYLIC EDWARDIAN,1.25
22773,GREEN DRAWER KNOB ACRYLIC EDWARDIAN,1.25
22774,RED DRAWER KNOB ACRYLIC EDWARDIAN,1.25
22775,PURPLE DRAWERKNOB ACRYLIC EDWARDIAN,1.50
22776,SWEETHEART CAKESTAND 3 TIER,9.95
22777,GLASS BELL JAR LARGE,8.07
22778,GLASS CLOCHE SMALL,3.81
22779,WOODEN OWLS LIGHT GARLAND,3.96
22780,LIGHT GARLAND BUTTERFILES PINK,3.96
22781,GUMBALL MAGAZINE RACK,10.19
22783,SET 3 WICKER OVAL BASKETS W LIDS,19.20
22784,LANTERN CREAM GAZEBO,4.95
22785,SQUARECUSHION COVER PINK UNION FLAG,6.75
22786,CUSHION COVER PINK UNION JACK,5.95
22788,BROCANTE COAT RACK,20.38
22791,T-LIGHT GLASS FLUTED ANTIQUE,1.72
22792,FLUTED ANTIQUE CANDLE HOLDER,1.39
22794,SWEETHEART WIRE MAGAZINE RACK,9.99
22795,SWEETHEART RECIPE BOOK STAND,9.02
22796,PHOTO FRAME 3 CLASSIC HANGING,9.95
22797,CHEST OF DRAWERS GINGHAM HEART,16.95
22798,ANTIQUE GLASS DRESSING TABLE POT,3.80
22800,ANTIQUE TALL SWIRLGLASS TRINKET POT,4.52
22801,ANTIQUE GLASS PEDESTAL BOWL,5.04
22802,FAUX FUR CHOCOLATE THROW,19.95
22803,IVORY EMBROIDERED QUILT,35.75
22804,CANDLEHOLDER PINK HANGING HEART,2.95
22805,BLUE DRAWER KNOB ACRYLIC EDWARDIAN,1.67
22806,SET OF 6 T-LIGHTS WEDDING CAKE,2.95
22807,SET OF 6 T-LIGHTS TOADSTOOLS,2.95
22809,SET OF 6 T-LIGHTS SANTA,2.95
22810,SET OF 6 T-LIGHTS SNOWMEN,3.69
22812,PACK 3 BOXES CHRISTMAS PANNETONE,2.52
22813,PACK 3 BOXES BIRD PANNETONE,2.70
22814,CARD PARTY GAMES,0.56
22815,CARD PSYCHEDELIC APPLES,0.42
22816,CARD MOTORBIKE SANTA,0.56
22818,CARD CHRISTMAS VILLAGE,0.53
22819,"BIRTHDAY CARD, RETRO SPOT",0.42
22821,GIFT BAG PSYCHEDELIC APPLES,0.65
22822,CREAM WALL PLANTER HEART SHAPED,8.21
22825,DECORATIVE PLANT POT WITH FRIEZE,7.95
22827,RUSTIC  SEVENTEEN DRAWER SIDEBOARD,165.00
22829,SWEETHEART WIRE WALL TIDY,9.95
22831,WHITE BROCANTE SOAP DISH,5.91
22832,BROCANTE SHELF WITH HOOKS,10.75
22834,HAND WARMER BABUSHKA DESIGN,2.36
22835,HOT WATER BOTTLE I AM SO POORLY,6.14
22837,HOT WATER BOTTLE BABUSHKA,5.25
22838,3 TIER CAKE TIN RED AND CREAM,14.95
22839,3 TIER CAKE TIN GREEN AND CREAM,14.95
22840,ROUND CAKE TIN VINTAGE RED,7.95
22841,ROUND CAKE TIN VINTAGE GREEN,10.68
22842,BISCUIT TIN VINTAGE RED,6.75
22844,VINTAGE CREAM DOG FOOD CONTAINER,14.15
22845,VINTAGE CREAM CAT FOOD CONTAINER,6.35
22846,BREAD BIN DINER STYLE RED,15.62
22847,BREAD BIN DINER STYLE IVORY,21.97
22848,BREAD BIN DINER STYLE PINK,16.28
22849,BREAD BIN DINER STYLE MINT,16.95
22851,SET 20 NAPKINS FAIRY CAKES DESIGN,0.85
22854,CREAM SWEETHEART EGG HOLDER,7.98
22855,FINE WICKER HEART,1.52
22862,LOVE HEART NAPKIN BOX,5.94
22863,SOAP DISH BROCANTE,3.54
22865,HAND WARMER OWL DESIGN,2.27
22866,HAND WARMER SCOTTY DOG DESIGN,2.26
22867,HAND WARMER BIRD DESIGN,2.28
22869,NUMBER TILE COTTAGE GARDEN 1,1.95
22870,NUMBER TILE COTTAGE GARDEN 2,4.21
22876,NUMBER TILE COTTAGE GARDEN 8,3.08
22877,NUMBER TILE COTTAGE GARDEN 9,1.95
22878,NUMBER TILE COTTAGE GARDEN NO,2.10
22890,NOVELTY BISCUITS CAKE STAND 3 TIER,15.16
22892,SET OF SALT AND PEPPER TOADSTOOLS,1.25
22893,MINI CAKE STAND T-LIGHT HOLDER,0.42
22895,SET OF 2 TEA TOWELS APPLE AND PEARS,3.54
22896,PEG BAG APPLES DESIGN,2.55
22897,OVEN MITT APPLES DESIGN,2.22
22898,CHILDRENS APRON APPLES DESIGN,2.52
22899,CHILDREN'S APRON DOLLY GIRL,2.63
22900,SET 2 TEA TOWELS I LOVE LONDON,3.44
22902,TOTE BAG I LOVE LONDON,2.10
22904,CALENDAR PAPER CUT DESIGN,4.43
22905,CALENDAR IN SEASON DESIGN,2.95
22906,12 MESSAGE CARDS WITH ENVELOPES,2.33
22907,PACK OF 20 NAPKINS PANTRY DESIGN,0.85
22909,SET OF 20 VINTAGE CHRISTMAS NAPKINS,0.96
22910,PAPER CHAIN KIT VINTAGE CHRISTMAS,3.12
22911,PAPER CHAIN KIT LONDON,2.95
22912,YELLOW COAT RACK PARIS FASHION,4.95
22913,RED COAT RACK PARIS FASHION,4.95
22914,BLUE COAT RACK PARIS FASHION,4.95
22915,ASSORTED BOTTLE TOP  MAGNETS,1.58
22916,HERB MARKER THYME,1.05
22917,HERB MARKER ROSEMARY,1.05
22918,HERB MARKER PARSLEY,1.05
22919,HERB MARKER MINT,1.05
22920,HERB MARKER BASIL,1.05
22921,HERB MARKER CHIVES,1.05
22922,FRIDGE MAGNETS US DINER ASSORTED,0.85
22923,FRIDGE MAGNETS LES ENFANTS ASSORTED,0.85
22924,FRIDGE MAGNETS LA VIE EN ROSE,0.85
22925,BLUE GIANT GARDEN THERMOMETER,5.95
22926,IVORY GIANT GARDEN THERMOMETER,5.95
22927,GREEN GIANT GARDEN THERMOMETER,5.95
22928,YELLOW GIANT GARDEN THERMOMETER,7.92
22938,CUPCAKE LACE PAPER SET 6,1.95
22940,FELTCRAFT CHRISTMAS FAIRY,5.19
22941,CHRISTMAS LIGHTS 10 REINDEER,9.21
22942,CHRISTMAS LIGHTS 10 SANTAS,8.07
22943,CHRISTMAS LIGHTS 10 VINTAGE BAUBLES,4.86
22944,CHRISTMAS METAL POSTCARD WITH BELLS,16.13
22945,CHRISTMAS METAL TAGS ASSORTED,3.39
22946,WOODEN ADVENT CALENDAR CREAM,25.48
22947,WOODEN ADVENT CALENDAR RED,25.48
22948,METAL DECORATION NAUGHTY CHILDREN,6.77
22949,36 DOILIES DOLLY GIRL,2.98
22951,60 CAKE CASES DOLLY GIRL DESIGN,1.04
22952,60 CAKE CASES VINTAGE CHRISTMAS,0.66
22953,BIRTHDAY PARTY CORDON BARRIER TAPE,1.25
22955,36 FOIL STAR CAKE CASES,2.10
22956,36 FOIL HEART CAKE CASES,2.52
22960,JAM MAKING SET WITH JARS,4.41
22961,JAM MAKING SET PRINTED,1.59
22962,JAM JAR WITH PINK LID,0.95
22963,JAM JAR WITH GREEN LID,0.94
22964,3 PIECE SPACEBOY COOKIE CUTTER SET,2.10
22965,3 TRADITIONAL COOKIE CUTTERS  SET,2.10
22966,GINGERBREAD MAN COOKIE CUTTER,1.46
22968,ROSE COTTAGE KEEPSAKE BOX,10.89
22969,HOMEMADE JAM SCENTED CANDLES,1.65
22972,CHILDREN'S SPACEBOY MUG,2.03
22973,CHILDREN'S CIRCUS PARADE MUG,2.08
22974,CHILDRENS DOLLY GIRL MUG,2.14
22975,SPACEBOY CHILDRENS EGG CUP,1.67
22976,CIRCUS PARADE CHILDRENS EGG CUP,1.75
22977,DOLLY GIRL CHILDRENS EGG CUP,1.67
22983,CARD BILLBOARD FONT,0.42
22985,"WRAP, BILLBOARD FONTS DESIGN",0.42
22986,GINGHAM ROSE WRAP,0.42
22988,SOLDIERS EGG CUP,1.46
35001G,HAND OPEN SHAPE GOLD,3.39
35004B,SET OF 3 BLACK FLYING DUCKS,4.65
35004C,SET OF 3 COLOURED  FLYING DUCKS,4.97
35004G,SET OF 3 GOLD FLYING DUCKS,6.35
35095A,BLUE VICTORIAN FABRIC OVAL BOX,0.84
35095B,RED VICTORIAN FABRIC OVAL BOX,0.84
35271S,GOLD PRINT PAPER BAG,0.19
35471D,SET OF 3 BIRD LIGHT PINK FEATHER,2.51
35591T,TURQUOISE CHRISTMAS TREE,1.25
35598B,BLACK CHRISTMAS TREE 60CM,3.71
35598D,PINK/WHITE CHRISTMAS TREE 60CM,1.58
35599D,PINK AND WHITE CHRISTMAS TREE 120CM,5.91
35610A,PINK CHRISTMAS FLOCK DROPLET,2.51
35637A,IVORY STRING CURTAIN WITH POLE,19.53
35818P,"ACRYLIC JEWEL ICICLE, PINK",3.36
35916B,BLUE FELT HANGING HEART W FLOWER,1.66
35916C,PINK FELT HANGING HEART W FLOWER,1.66
35954,SMALL FOLKART STAR CHRISTMAS DEC,0.42
35957,SMALLFOLKART BAUBLE CHRISTMAS DEC,1.04
35961,FOLKART ZINC HEART CHRISTMAS DEC,1.25
35964,FOLKART CLIP ON STARS,1.66
35965,FOLKART HEART NAPKIN RINGS,3.36
35967,FOLK ART METAL STAR T-LIGHT HOLDER,1.66
35971,ROSE FOLKART HEART DECORATIONS,2.51
37343,POLKADOT MUG PINK,1.65
37370,RETRO COFFEE MUGS ASSORTED,2.46
37444A,YELLOW BREAKFAST CUP AND SAUCER,2.95
37444C,PINK BREAKFAST CUP AND SAUCER,4.43
37446,MINI CAKE STAND WITH HANGING CAKES,2.09
37448,CERAMIC CAKE DESIGN SPOTTED MUG,1.49
37449,CERAMIC CAKE STAND + HANGING CAKES,11.83
37450,CERAMIC CAKE BOWL + HANGING CAKES,4.43
37476,CONDIMENT TRAY 4 BOWLS AND 4 SPOONS,18.68
37491A,YELLOW/PINK CERAMIC CANDLE HOLDER,3.36
37495,FAIRY CAKE BIRTHDAY CANDLE SET,3.75
40001,WHITE BAMBOO RIBS LAMPSHADE,0.85
40016,CHINESE DRAGON PAPER LANTERNS,0.42
46000M,POLYESTER FILLER PAD 45X45CM,1.55
46000R,POLYESTER FILLER PAD 45X30CM,1.45
46000S,POLYESTER FILLER PAD 40X40CM,1.45
46775D,SUNSET COLOUR CHUNKY KNITTED THROW,11.02
46776B,WOVEN BERRIES CUSHION COVER,4.21
47021G,SET/6 BEAD COASTERS GAUZE BAG GOLD,1.25
47421,ASSORTED COLOUR LIZARD SUCTION HOOK,0.42
47471,RAINBOW PEGS PHOTO CLIP STRING,0.65
47504H,ENGLISH ROSE SPIRIT LEVEL,1.95
47559B,TEA TIME OVEN GLOVE,1.88
47563A,RETRO LONGBOARD IRONING BOARD COVER,4.83
47566B,TEA TIME PARTY BUNTING,6.56
47567B,TEA TIME KITCHEN APRON,7.64
47570B,TEA TIME TABLE CLOTH,10.65
47580,TEA TIME DES TEA COSY,3.80
47590A,BLUE HAPPY BIRTHDAY BUNTING,7.31
47590B,PINK HAPPY BIRTHDAY BUNTING,6.84
47591B,SCOTTIES CHILDRENS APRON,1.65
47591D,PINK FAIRY CAKE CHILDRENS APRON,2.65
47593B,SCOTTIE DOGS BABY BIB,0.85
47594A,CAROUSEL DESIGN WASHBAG,4.21
47599A,PINK PARTY BAGS,2.80
47599B,BLUE PARTY BAGS,2.10
48111,DOORMAT 3 SMILEY CATS,9.27
48129,DOORMAT TOPIARY,7.65
48138,DOORMAT UNION FLAG,8.83
48173C,DOORMAT BLACK FLOCK,7.95
48184,DOORMAT ENGLISH ROSE,7.35
48185,DOORMAT FAIRY CAKE,7.95
48187,DOORMAT NEW ENGLAND,9.27
48188,DOORMAT WELCOME PUPPIES,14.43
48194,DOORMAT HEARTS,9.01
51014A,"FEATHER PEN,HOT PINK",1.12
51014C,"FEATHER PEN,COAL BLACK",1.05
51014L,"FEATHER PEN,LIGHT PINK",0.85
62096A,PINK/YELLOW FLOWERS HANDBAG,1.25
70006,LOVE HEART POCKET WARMER,2.50
70007,HI TEC ALPINE HAND WARMER,2.33
71053,WHITE METAL LANTERN,3.68
71270,PHOTO CLIP LINE,1.25
71406C,BLACK ORANGE SQUEEZER,0.42
71459,HANGING JAM JAR T-LIGHT HOLDER,1.04
71477,COLOUR GLASS. STAR T-LIGHT HOLDER,3.84
71496A,A4 WALL TIDY BLUE OFFICE,1.49
72127,COLUMBIAN CANDLE ROUND,1.25
72133,COLUMBIAN CANDLE RECTANGLE,1.25
72134,COLUMBIAN  CUBE CANDLE,1.66
72232,FENG SHUI PILLAR CANDLE,0.19
72586,SET OF 6 HALLOWEEN GHOST T-LIGHTS,0.85
72598,SET/12 TAPER CANDLES,0.85
72741,GRAND CHOCOLATECANDLE,1.60
72760B,VINTAGE CREAM 3 BASKET CAKE STAND,9.95
72798C,SET/4 GARDEN ROSE DINNER CANDLE,1.65
72799E,IVORY PILLAR CANDLE SILVER FLOCK,3.16
72799F,IVORY PILLAR CANDLE GOLD FLOCK,3.36
72800B,4 PURPLE FLOCK DINNER CANDLES,2.55
72800E,4 IVORY DINNER CANDLES SILVER FLOCK,2.55
72801C,4 ROSE PINK DINNER CANDLES,1.25
72801D,4 SKY BLUE DINNER CANDLES,1.25
72802C,VANILLA SCENT CANDLE JEWELLED BOX,4.25
72803A,ROSE SCENT CANDLE JEWELLED DRAWER,4.25
72807A,SET/3 ROSE CANDLE IN JEWELLED BOX,8.47
72807B,SET/3 OCEAN SCENT CANDLE JEWEL BOX,8.47
72807C,SET/3 VANILLA SCENTED CANDLE IN BOX,5.66
72816,SET/3 CHRISTMAS DECOUPAGE CANDLES,1.72
72817,SET OF 2 CHRISTMAS DECOUPAGE CANDLE,1.52
72818,CHRISTMAS DECOUPAGE CANDLE,0.85
79030D,"TUMBLER, BAROQUE",12.72
79030G,"TUMBLER, NEW ENGLAND",12.72
79066K,RETRO MOD TRAY,0.85
79067,CORONA MEXICAN TRAY,6.11
79144B,PAINTED LIGHTBULB STAR+ MOON,0.42
79163,BLACK CHAMPAGNE GLASS,1.65
79164,BLACK WINE GLASS,1.65
79191C,RETRO PLASTIC ELEPHANT TRAY,0.85
79302M,"ART LIGHTS,FUNK MONKEY",3.80
79321,CHILLI LIGHTS,5.60
82482,WOODEN PICTURE FRAME WHITE FINISH,2.13
82483,WOOD 2 DRAWER CABINET WHITE FINISH,5.12
82484,WOOD BLACK BOARD ANT WHITE FINISH,6.45
82486,WOOD S/3 CABINET ANT WHITE FINISH,7.17
82494L,WOODEN FRAME ANTIQUE WHITE,2.69
82551,LAUNDRY 15C METAL SIGN,2.16
82552,WASHROOM METAL SIGN,1.72
82567,"AIRLINE LOUNGE,METAL SIGN",2.10
82578,KITCHEN METAL SIGN,0.84
82580,BATHROOM METAL SIGN,0.84
82581,TOILET METAL SIGN,0.55
82582,AREA PATROLLED METAL SIGN,3.16
82583,HOT BATHS METAL SIGN,3.16
82599,FANNY'S REST STOPMETAL SIGN,2.80
82600,NO SINGING METAL SIGN,2.10
82613B,"METAL SIGN,CUPCAKE SINGLE HOOK",2.51
82613C,"METAL SIGN,CUPCAKE SINGLE HOOK",2.51
82613D,METAL SIGN CUPCAKE SINGLE HOOK,2.51
82615,PINK MARSHMALLOW SCARF KNITTING KIT,2.55
82616C,MIDNIGHT GLAMOUR SCARF KNITTING KIT,2.51
84029E,RED WOOLLY HOTTIE WHITE HEART.,3.73
84029G,KNITTED UNION FLAG HOT WATER BOTTLE,3.79
84030E,ENGLISH ROSE HOT WATER BOTTLE,4.08
84031A,CHARLIE+LOLA RED HOT WATER BOTTLE,4.54
84031B,CHARLIE LOLA BLUE HOT WATER BOTTLE,4.36
84032A,CHARLIE+LOLA PINK HOT WATER BOTTLE,3.11
84032B,CHARLIE + LOLA RED HOT WATER BOTTLE,3.11
84050,PINK HEART SHAPE EGG FRYING PAN,1.99
84077,WORLD WAR 2 GLIDERS ASSTD DESIGNS,0.24
84086C,PINK/PURPLE RETRO RADIO,4.21
84247G,"DECOUPAGE,GREETING CARD,",0.42
84279P,CHERRY BLOSSOM  DECORATIVE FLASK,8.47
84341B,SMALL PINK MAGIC CHRISTMAS TREE,0.85
84347,ROTATING SILVER ANGELS T-LIGHT HLDR,2.63
84352,SILVER CHRISTMAS TREE BAUBLE STAND,16.95
84360,TABLE LAMP WHITE SHADE WOOD BASE,5.95
84375,SET OF 20 KIDS COOKIE CUTTERS,2.63
84378,SET OF 3 HEART COOKIE CUTTERS,1.75
84380,SET OF 3 BUTTERFLY COOKIE CUTTERS,1.75
84406B,CREAM CUPID HEARTS COAT HANGER,2.83
84459B,YELLOW METAL CHICKEN HEART,3.36
84508A,CAMOUFLAGE DESIGN TEDDY,2.55
84509A,SET OF 4 ENGLISH ROSE PLACEMATS,5.04
84509B,SET OF 4 FAIRY CAKE PLACEMATS,3.75
84509G,SET OF 4 FAIRY CAKE PLACEMATS,3.75
84510A,SET OF 4 ENGLISH ROSE COASTERS,1.67
84519A,TOMATO CHARLIE+LOLA COASTER SET,2.95
84519B,CARROT CHARLIE+LOLA COASTER SET,2.95
84520B,PACK 20 ENGLISH ROSE PAPER NAPKINS,1.66
84534B,FAIRY CAKE NOTEBOOK A5 SIZE,1.66
84535B,FAIRY CAKES NOTEBOOK A6 SIZE,1.49
84536A,ENGLISH ROSE NOTEBOOK A7 SIZE,0.85
84536B,FAIRY CAKES NOTEBOOK A7 SIZE,0.85
84558A,3D DOG PICTURE PLAYING CARDS,2.95
84559A,3D SHEET OF DOG STICKERS,1.69
84559B,3D SHEET OF CAT STICKERS,1.69
84563A,PINK & WHITE BREAKFAST TRAY,5.95
84569B,PACK 3 FIRE ENGINE/CAR PATCHES,1.25
84580,MOUSE TOY WITH PINK T-SHIRT,4.21
84581,DOG TOY WITH PINK CROCHET SKIRT,4.21
84596E,SMALL LICORICE DES PINK BOWL,1.25
84596J,MIXED NUTS LIGHT GREEN BOWL,2.51
84598,BOYS ALPHABET IRON ON PATCHES,0.43
84609,TALL ROCOCO CANDLE HOLDER,16.98
84625A,PINK NEW BAROQUECANDLESTICK CANDLE,3.94
84625C,BLUE NEW BAROQUE CANDLESTICK CANDLE,2.95
84658,WHITE STITCHED CUSHION COVER,6.95
84659A,WHITE TRAVEL ALARM CLOCK,2.51
84663A,GRASS HOPPER WOODEN WALL CLOCK,5.91
84674,FLYING PIG WATERING CAN,2.95
84678,CLASSICAL ROSE SMALL VASE,1.25
84683,CLASSICAL ROSE CANDLESTAND,1.25
84685,BEACH HUT KEY CABINET,3.75
84692,BOX OF 24 COCKTAIL PARASOLS,0.55
84709B,PINK OVAL JEWELLED MIRROR,5.95
84744,S/6 SEW ON CROCHET FLOWERS,1.25
84754,S/15 SILVER GLASS BAUBLES IN BAG,1.56
84755,COLOUR GLASS T-LIGHT HOLDER HANGING,0.75
84760S,SMALL HANGING GLASS+ZINC LANTERN,1.45
84763,ZINC FINISH 15CM PLANTER POTS,1.25
84792,ENCHANTED BIRD COATHANGER 5 HOOK,4.65
84826,ASSTD DESIGN 3D PAPER STICKERS,0.85
84828,JUNGLE POPSICLES ICE LOLLY HOLDERS,2.51
84832,ZINC WILLIE WINKIE  CANDLE STICK,1.12
84836,ZINC METAL HEART DECORATION,1.25
84846A,SCENTED CANDLE IN DIGITALIS TIN,2.10
84849B,FAIRY SOAP SOAP HOLDER,1.69
84854,GIRLY PINK TOOL SET,4.95
84856L,LARGE TAHITI BEACH BAG,11.87
84870B,BLUE GEISHA GIRL,3.75
84870C,GREEN GEISHA GIRL,3.75
84879,ASSORTED COLOUR BIRD ORNAMENT,1.76
84880,WHITE WIRE EGG HOLDER,4.95
84884A,ANT WHITE WIRE HEART SPIRAL,3.95
84906,PINK B'FLY C/COVER W BOBBLES,5.95
84912B,GREEN ROSE WASHBAG,3.36
84913A,SOFT PINK ROSE TOWEL,3.36
84913B,MINT GREEN ROSE TOWEL,3.36
84915,HAND TOWEL PINK FLOWER AND DAISY,4.21
84920,PINK FLOWER FABRIC PONY,3.75
84923,PINK BUTTERFLY HANDBAG W BOBBLES,4.21
84926A,WAKE UP COCKEREL TILE COASTER,1.25
84944,SET OF 6 KASHMIR FOLKART BAUBLES,4.25
84945,MULTI COLOUR SILVER T-LIGHT HOLDER,0.85
84946,ANTIQUE SILVER TEA GLASS ETCHED,1.64
84947,ANTIQUE SILVER TEA GLASS ENGRAVED,1.19
84949,SILVER HANGING T-LIGHT HOLDER,1.99
84950,ASSORTED COLOUR T-LIGHT HOLDER,0.77
84952B,BLACK LOVE BIRD T-LIGHT HOLDER,2.08
84952C,MIRROR LOVE BIRD T-LIGHT HOLDER,2.50
84968C,SET OF 16 VINTAGE PISTACHIO CUTLERY,12.75
84969,BOX OF 6 ASSORTED COLOUR TEASPOONS,5.66
84970L,SINGLE HEART ZINC T-LIGHT HOLDER,1.12
84970S,HANGING HEART ZINC T-LIGHT HOLDER,1.06
84971S,SMALL HEART FLOWERS HOOK,1.12
84976,RECTANGULAR SHAPED MIRROR,3.36
84985A,SET OF 72 GREEN PAPER DOILIES,1.45
84988,SET OF 72 PINK HEART PAPER DOILIES,2.98
84991,60 TEATIME FAIRY CAKE CASES,0.62
84992,72 SWEETHEART FAIRY CAKE CASES,0.79
84997A,GREEN 3 PIECE POLKADOT CUTLERY SET,3.75
84997B,RED 3 PIECE RETROSPOT CUTLERY SET,3.75
84997C,BLUE 3 PIECE POLKADOT CUTLERY SET,3.75
84997D,PINK 3 PIECE POLKADOT CUTLERY SET,3.75
85008,SET OF 3 CONEY ISLAND OVAL BOXES,10.17
85014A,BLACK/BLUE POLKADOT UMBRELLA,5.95
85014B,RED RETROSPOT UMBRELLA,7.30
85015,SET OF 12  VINTAGE POSTCARD SET,2.51
85016,SET OF 6 VINTAGE NOTELETS KIT,2.51
85017A,ENVELOPE 50 ROMANTIC IMAGES,0.85
85017B,ENVELOPE 50 BLOSSOM IMAGES,0.85
85019A,ROMANTIC IMAGES NOTEBOOK SET,4.25
85019C,CURIOUS  IMAGES NOTEBOOK SET,4.25
85025C,PINK HEART SHAPE PHOTO FRAME,1.65
85032D,YULETIDE IMAGES GIFT WRAP SET,1.88
85034A,3 GARDENIA MORRIS BOXED CANDLES,4.25
85035A,GARDENIA 3 WICK MORRIS BOXED CANDLE,4.25
85035B,CHOCOLATE 3 WICK MORRIS BOX CANDLE,4.25
85035C,ROSE 3 WICK MORRIS BOX CANDLE,4.25
85038,6 CHOCOLATE LOVE HEART T-LIGHTS,1.90
85039A,SET/4 RED MINI ROSE CANDLE IN BOWL,1.66
85040B,SET/4 BLUE FLOWER CANDLES IN BOWL,3.36
85045,GREEN CHRISTMAS TREE STRING 20LIGHT,4.95
85048,15CM CHRISTMAS GLASS BALL 20 LIGHTS,12.46
85049A,TRADITIONAL CHRISTMAS RIBBONS,1.41
85049C,ROMANTIC PINKS RIBBONS,1.25
85049D,BRIGHT BLUES RIBBONS,1.25
85049E,SCANDINAVIAN REDS RIBBONS,1.48
85049F,BABY BOOM RIBBONS,1.25
85049G,CHOCOLATE BOX RIBBONS,1.75
85049H,URBAN BLACK RIBBONS,1.67
85053,FRENCH ENAMEL CANDLEHOLDER,4.21
85061W,WHITE JEWELLED HEART DECORATION,0.85
85064,CREAM SWEETHEART LETTER RACK,7.31
85066,CREAM SWEETHEART MINI CHEST,12.75
85067,CREAM SWEETHEART WALL CABINET,18.95
85071A,BLUE CHARLIE+LOLA PERSONAL DOORSIGN,2.95
85071B,RED CHARLIE+LOLA PERSONAL DOORSIGN,0.38
85071C,"CHARLIE+LOLA""EXTREMELY BUSY"" SIGN",2.55
85071D,CHARLIE+LOLA MY ROOM DOOR SIGN,2.55
85095,THREE CANVAS LUGGAGE TAGS,1.95
85099B,JUMBO BAG RED RETROSPOT,2.12
85099C,JUMBO  BAG BAROQUE BLACK WHITE,1.89
85099F,JUMBO BAG STRAWBERRY,2.52
85104,SILVER GLASS T-LIGHT SET,2.95
85106,CUT GLASS HEXAGON T-LIGHT HOLDER,2.55
85114A,BLACK ENCHANTED FOREST PLACEMAT,2.40
85114B,IVORY ENCHANTED FOREST PLACEMAT,2.79
85114C,RED ENCHANTED FOREST PLACEMAT,2.22
85116,BLACK CANDELABRA T-LIGHT HOLDER,1.52
85123A,WHITE HANGING HEART T-LIGHT HOLDER,2.87
85124B,BLUE JUICY FRUIT PHOTO FRAME,2.55
85124C,GREEN JUICY FRUIT PHOTO FRAME,2.55
85127,SMALL SQUARE CUT GLASS CANDLESTICK,7.56
85129D,BEADED CRYSTAL HEART PINK SMALL,2.51
85131B,BEADED CRYSTAL HEART GREEN ON STICK,0.85
85131D,BEADED CRYSTAL HEART PINK ON STICK,0.85
85132A,CHARLIE + LOLA BISCUITS TINS,8.96
85132B,CHARLIE AND LOLA TABLE TINS,9.95
85132C,CHARLIE AND LOLA FIGURES TINS,9.95
85135B,BLUE DRAGONFLY HELICOPTER,8.12
85135C,RED DRAGONFLY HELICOPTER,8.47
85136A,YELLOW SHARK HELICOPTER,8.12
85136C,RED SHARK HELICOPTER,8.21
85144,JARDIN ETCHED GLASS BUTTER DISH,7.25
85150,LADIES & GENTLEMEN METAL SIGN,3.18
85152,HAND OVER THE CHOCOLATE   SIGN,2.52
85159A,"BLACK TEA,COFFEE,SUGAR JARS",6.35
85169B,BLACK LOVE BIRD CANDLE,1.25
85170D,SET/6 PINK BIRD T-LIGHT CANDLES,4.21
85172,HYACINTH BULB T-LIGHT CANDLES,0.42
85174,S/4 CACTI CANDLES,4.25
85175,CACTI T-LIGHT CANDLES,0.42
85176,SEWING SUSAN 21 NEEDLE SET,1.66
85177,BASKET OF FLOWERS SEWING KIT,1.25
85178,VICTORIAN SEWING KIT,1.67
85183B,CHARLIE & LOLA WASTEPAPER BIN FLORA,1.25
85184C,S/4 VALENTINE DECOUPAGE HEART BOX,2.95
85185B,PINK HORSE SOCK PUPPET,2.95
85185D,FROG SOCK PUPPET,2.95
85186A,EASTER BUNNY GARLAND OF FLOWERS,0.85
85199L,LARGE HANGING IVORY & RED WOOD BIRD,0.86
85199S,SMALL HANGING IVORY/RED WOOD BIRD,0.56
85212,MINI PAINTED GARDEN DECORATION,1.66
85214,TUB 24 PINK FLOWER PEGS,1.65
85216,ASSORTED CAKES FRIDGE MAGNETS,0.65
85227,SET OF 6 3D KIT CARDS FOR KIDS,1.25
85231B,CINAMMON SET OF 9 T-LIGHTS,1.08
85231G,ORANGE SCENTED SET/9 T-LIGHTS,0.85
85232B,SET OF 3 BABUSHKA STACKING TINS,4.95
85232D,SET/3 DECOUPAGE STACKING TINS,10.17
90002D,FLOWER BURST SILVER RING CRYSTAL,3.75
90003C,MIDNIGHT BLUE PAIR HEART HAIR SLIDE,3.81
90013B,BLACK VINTAGE EARRINGS,4.24
90018A,SILVER M.O.P ORBIT DROP EARRINGS,4.24
90018B,GOLD M.O.P ORBIT DROP EARRINGS,4.24
90019B,GOLD M.O.P ORBIT BRACELET,5.51
90022,EDWARDIAN DROP EARRINGS JET BLACK,3.81
90024C,NEW BAROQUE B'FLY NECKLACE GREEN,8.49
90036F,"FLOWER GLASS GARLD NECKL36""TURQUOIS",8.07
90040B,MURANO STYLE GLASS BRACELET BLACK,3.81
90051,CRACKED GLAZE NECKLACE RED,7.22
90054,CRACKED GLAZE EARRINGS RED,2.54
90059B,DIAMANTE HAIR GRIP PACK/2 BLACK DIA,1.65
90059C,DIAMANTE HAIR GRIP PACK/2 MONTANA,1.65
90059E,DIAMANTE HAIR GRIP PACK/2 RUBY,1.65
90071,RUBY GLASS CLUSTER EARRINGS,1.26
90077,BLACK DIAMOND CLUSTER EARRINGS,2.96
90081A,LILY BROOCH AMETHYST COLOUR,4.95
90082A,DIAMANTE BOW BROOCH GREEN COLOUR,6.35
90082B,DIAMANTE BOW BROOCH RED COLOUR,6.35
90082D,DIAMANTE BOW BROOCH BLACK COLOUR,6.35
90099,NECKLACE+BRACELET SET BLUE HIBISCUS,5.06
90116,FRUIT SALAD BAG CHARM,2.51
90120C,GREEN MURANO TWIST BRACELET,4.24
90124B,BLUE MURANO TWIST NECKLACE,10.17
90129A,PINK GLASS TASSLE BAG CHARM,1.66
90129B,TURQUOISE GLASS TASSLE BAG CHARM,1.66
90129F,RED GLASS TASSLE BAG CHARM,2.95
90134,OLD ROSE COMBO BEAD NECKLACE,2.96
90138,WHITE/PINK MINI CRYSTALS NECKLACE,5.51
90161A,ANT COPPER RED BOUDICCA BRACELET,5.09
90161B,ANT COPPER TURQ BOUDICCA BRACELET,5.09
90166,PINK & WHITE ROSEBUD RING,4.24
90173,PAIR BUTTERFLY HAIR CLIPS,3.81
90175C,BLUE GLASS CHUNKY CHARM BRACELET,8.95
90177C,DROP DIAMANTE EARRINGS CRYSTAL,2.96
90177E,DROP DIAMANTE EARRINGS GREEN,2.96
90178A,AMBER CHUNKY GLASS+BEAD NECKLACE,11.95
90180A,BLACK+WHITE NECKLACE W TASSEL,9.95
90181B,AMETHYST GLASS/SHELL/PEARL NECKLACE,9.34
90185B,AMETHYST DIAMANTE EXPANDABLE RING,4.25
90185C,BLACK DIAMANTE EXPANDABLE RING,4.25
90186A,AMETHYST HOOP EARRING FLORAL LEAF,2.95
90190C,SILVER/AMETHYST DROP EARRINGS LEAF,2.96
90192,JADE DROP EARRINGS W FILIGREE,5.09
90194,SILVER LARIAT BLACK STONE EARRINGS,4.24
90195A,PURPLE GEMSTONE BRACELET,8.95
90195B,BLACK GEMSTONE BRACELET,8.95
90196A,PURPLE GEMSTONE NECKLACE 45CM,12.75
90199A,5 STRAND GLASS NECKLACE BLACK,6.35
90199C,5 STRAND GLASS NECKLACE CRYSTAL,6.35
90200A,PURPLE SWEETHEART BRACELET,4.25
90200B,BLACK SWEETHEART BRACELET,4.25
90200C,BLUE SWEETHEART BRACELET,4.24
90200D,PINK SWEETHEART BRACELET,4.25
90204,PAIR OF ENAMEL BUTTERFLY HAIRCLIP,3.35
90206C,CRYSTAL DIAMANTE STAR BROOCH,5.09
90209B,GREEN ENAMEL+GLASS HAIR COMB,2.11
90209C,PINK ENAMEL+GLASS HAIR COMB,2.11
90210B,CLEAR ACRYLIC FACETED BANGLE,2.95
90211A,DIAMOND LAS VEGAS NECKLACE 45CM,5.94
90214A,"LETTER ""A"" BLING KEY RING",0.85
90214D,"LETTER ""D"" BLING KEY RING",0.85
90214E,"LETTER ""E"" BLING KEY RING",0.85
90214G,"LETTER ""G"" BLING KEY RING",0.85
90214H,"LETTER ""H"" BLING KEY RING",0.85
90214J,"LETTER ""J"" BLING KEY RING",1.05
90214M,"LETTER ""M"" BLING KEY RING",1.25
90214R,"LETTER ""R"" BLING KEY RING",0.85
90214S,"LETTER ""S"" BLING KEY RING",1.05
90214V,"LETTER ""V"" BLING KEY RING",1.25
