customer_id,total_spend,order_count,total_items,line_count,last_purchase,first_purchase,avg_order_value,avg_items_per_order,recency_hours,country
12431,358.25,1,107,14,2010-12-01 10:03:00,2010-12-01 10:03:00,358.25,107.0,47.7,Australia
12433,1919.1399999999999,1,1852,73,2010-12-01 13:24:00,2010-12-01 13:24:00,1919.1399999999999,1852.0,44.35,Norway
12583,801.86,1,446,19,2010-12-01 08:45:00,2010-12-01 08:45:00,801.86,446.0,49.0,France
12662,243.48,1,156,14,2010-12-01 13:04:00,2010-12-01 13:04:00,243.48,156.0,44.68333333333333,Germany
12738,137.35,1,147,10,2010-12-02 18:27:00,2010-12-02 18:27:00,137.35,147.0,15.3,Germany
12748,9.2,2,2,2,2010-12-02 11:46:00,2010-12-01 12:48:00,4.6,1.0,21.983333333333334,United Kingdom
12791,177.60000000000002,1,96,1,2010-12-01 11:27:00,2010-12-01 11:27:00,177.60000000000002,96.0,46.3,Netherlands
12838,390.79,1,228,59,2010-12-01 11:57:00,2010-12-01 11:57:00,390.79,228.0,45.8,United Kingdom
12855,38.1,1,30,3,2010-12-02 09:37:00,2010-12-02 09:37:00,38.1,30.0,24.133333333333333,United Kingdom
12868,203.3,1,112,12,2010-12-01 12:50:00,2010-12-01 12:50:00,203.3,112.0,44.916666666666664,United Kingdom
12915,199.65,1,41,13,2010-12-02 12:33:00,2010-12-02 12:33:00,199.65,41.0,21.2,United Kingdom
12921,322.40000000000003,1,140,15,2010-12-01 15:06:00,2010-12-01 15:06:00,322.40000000000003,140.0,42.65,United Kingdom
12947,304.04,1,184,17,2010-12-01 16:21:00,2010-12-01 16:21:00,304.04,184.0,41.4,United Kingdom
12971,45.12,1,84,5,2010-12-02 16:42:00,2010-12-02 16:42:00,45.12,84.0,17.05,United Kingdom
13011,50.550000000000004,1,13,3,2010-12-02 17:22:00,2010-12-02 17:22:00,50.550000000000004,13.0,16.383333333333333,United Kingdom
13047,366.63,3,101,17,2010-12-01 08:35:00,2010-12-01 08:34:00,122.21,33.666666666666664,49.166666666666664,United Kingdom
13065,205.86,1,74,14,2010-12-01 16:52:00,2010-12-01 16:52:00,205.86,74.0,40.88333333333333,United Kingdom
13090,160.6,1,76,4,2010-12-02 07:48:00,2010-12-02 07:48:00,160.6,76.0,25.95,United Kingdom
13093,799.4,1,256,13,2010-12-01 15:00:00,2010-12-01 15:00:00,799.4,256.0,42.75,United Kingdom
13108,350.06,1,298,10,2010-12-02 10:35:00,2010-12-02 10:35:00,350.06,298.0,23.166666666666668,United Kingdom
13117,202.12,1,130,15,2010-12-02 13:11:00,2010-12-02 13:11:00,202.12,130.0,20.566666666666666,United Kingdom
13138,193.23,1,125,14,2010-12-02 15:03:00,2010-12-02 15:03:00,193.23,125.0,18.7,United Kingdom
13145,295.0,1,1,1,2010-12-02 18:06:00,2010-12-02 18:06:00,295.0,1.0,15.65,United Kingdom
13255,225.7,1,110,6,2010-12-01 11:58:00,2010-12-01 11:58:00,225.7,110.0,45.78333333333333,United Kingdom
13305,136.2,1,132,5,2010-12-02 12:10:00,2010-12-02 12:10:00,136.2,132.0,21.583333333333332,United Kingdom
13402,308.28000000000003,1,190,17,2010-12-02 17:12:00,2010-12-02 17:12:00,308.28000000000003,190.0,16.55,United Kingdom
13408,1558.68,2,824,14,2010-12-03 09:39:00,2010-12-01 10:39:00,779.34,412.0,0.1,United Kingdom
13418,623.24,2,234,23,2010-12-02 10:46:00,2010-12-02 10:45:00,311.62,117.0,22.983333333333334,United Kingdom
13448,443.96000000000004,2,162,18,2010-12-01 10:53:00,2010-12-01 10:52:00,221.98000000000002,81.0,46.86666666666667,United Kingdom
13468,360.05,2,111,20,2010-12-01 15:08:00,2010-12-01 15:08:00,180.025,55.5,42.61666666666667,United Kingdom
13491,98.9,1,36,7,2010-12-02 14:30:00,2010-12-02 14:30:00,98.9,36.0,19.25,United Kingdom
13576,349.15,1,108,11,2010-12-01 17:24:00,2010-12-01 17:24:00,349.15,108.0,40.35,United Kingdom
13694,842.12,1,1004,6,2010-12-01 12:12:00,2010-12-01 12:12:00,842.12,1004.0,45.55,United Kingdom
13705,318.14,1,103,10,2010-12-01 10:29:00,2010-12-01 10:29:00,318.14,103.0,47.266666666666666,United Kingdom
13715,272.65000000000003,1,107,15,2010-12-02 08:52:00,2010-12-02 08:52:00,272.65000000000003,107.0,24.883333333333333,United Kingdom
13747,79.6,1,8,1,2010-12-01 10:37:00,2010-12-01 10:37:00,79.6,8.0,47.13333333333333,United Kingdom
13748,204.0,1,80,1,2010-12-01 09:00:00,2010-12-01 09:00:00,204.0,80.0,48.75,United Kingdom
13758,362.45,1,137,17,2010-12-01 12:08:00,2010-12-01 12:08:00,362.45,137.0,45.61666666666667,United Kingdom
13767,830.6800000000001,2,356,18,2010-12-02 15:40:00,2010-12-01 10:47:00,415.34000000000003,178.0,18.083333333333332,United Kingdom
13777,6585.16,7,3348,33,2010-12-01 16:22:00,2010-12-01 16:01:00,940.7371428571429,478.2857142857143,41.38333333333333,United Kingdom
13798,408.0,1,160,1,2010-12-02 17:24:00,2010-12-02 17:24:00,408.0,160.0,16.35,United Kingdom
13941,1095.12,1,644,11,2010-12-02 10:17:00,2010-12-02 10:17:00,1095.12,644.0,23.466666666666665,United Kingdom
14001,301.24,1,94,9,2010-12-01 12:58:00,2010-12-01 12:58:00,301.24,94.0,44.78333333333333,United Kingdom
14031,1714.25,1,531,25,2010-12-02 16:34:00,2010-12-02 16:34:00,1714.25,531.0,17.183333333333334,United Kingdom
14045,326.4,1,128,1,2010-12-01 11:32:00,2010-12-01 11:32:00,326.4,128.0,46.21666666666667,United Kingdom
14047,286.92,1,108,12,2010-12-02 10:09:00,2010-12-02 10:09:00,286.92,108.0,23.6,United Kingdom
14060,339.84,1,504,8,2010-12-02 12:11:00,2010-12-02 12:11:00,339.84,504.0,21.566666666666666,United Kingdom
14078,136.24,1,29,13,2010-12-01 12:54:00,2010-12-01 12:54:00,136.24,29.0,44.85,United Kingdom
14135,485.25,1,741,23,2010-12-02 10:27:00,2010-12-02 10:27:00,485.25,741.0,23.3,United Kingdom
14142,311.81,1,313,22,2010-12-01 16:33:00,2010-12-01 16:33:00,311.81,313.0,41.2,United Kingdom
14180,201.75,1,31,12,2010-12-02 13:08:00,2010-12-02 13:08:00,201.75,31.0,20.616666666666667,United Kingdom
14236,189.3,1,38,3,2010-12-02 18:49:00,2010-12-02 18:49:00,189.3,38.0,14.933333333333334,United Kingdom
14237,161.0,1,38,9,2010-12-01 13:20:00,2010-12-01 13:20:00,161.0,38.0,44.416666666666664,United Kingdom
14307,783.11,1,558,48,2010-12-01 11:41:00,2010-12-01 11:41:00,783.11,558.0,46.06666666666667,United Kingdom
14388,312.8,1,170,21,2010-12-02 11:02:00,2010-12-02 11:02:00,312.8,170.0,22.716666666666665,United Kingdom
14390,223.7,1,74,27,2010-12-02 11:57:00,2010-12-02 11:57:00,223.7,74.0,21.8,United Kingdom
14395,308.68,1,174,27,2010-12-02 18:15:00,2010-12-02 18:15:00,308.68,174.0,15.5,United Kingdom
14449,210.24,1,142,50,2010-12-02 14:09:00,2010-12-02 14:09:00,210.24,142.0,19.6,United Kingdom
14466,379.75,1,137,10,2010-12-02 13:36:00,2010-12-02 13:36:00,379.75,137.0,20.15,United Kingdom
14491,127.2,1,40,4,2010-12-02 12:10:00,2010-12-02 12:10:00,127.2,40.0,21.583333333333332,United Kingdom
14496,304.34000000000003,1,86,5,2010-12-01 15:35:00,2010-12-01 15:35:00,304.34000000000003,86.0,42.166666666666664,United Kingdom
14573,402.0,1,126,70,2010-12-02 19:59:00,2010-12-02 19:59:00,402.0,126.0,13.766666666666667,United Kingdom
14576,35.400000000000006,1,12,1,2010-12-02 17:51:00,2010-12-02 17:51:00,35.400000000000006,12.0,15.9,United Kingdom
14594,255.0,1,146,31,2010-12-01 13:54:00,2010-12-01 13:54:00,255.0,146.0,43.85,United Kingdom
14606,198.32,1,93,40,2010-12-01 16:57:00,2010-12-01 16:57:00,198.32,93.0,40.8,United Kingdom
14688,444.98,1,454,19,2010-12-01 09:37:00,2010-12-01 09:37:00,444.98,454.0,48.13333333333333,United Kingdom
14696,294.62,1,284,18,2010-12-01 15:37:00,2010-12-01 15:37:00,294.62,284.0,42.13333333333333,United Kingdom
14729,313.49,1,197,71,2010-12-01 12:43:00,2010-12-01 12:43:00,313.49,197.0,45.03333333333333,United Kingdom
14741,184.5,1,114,9,2010-12-02 08:43:00,2010-12-02 08:43:00,184.5,114.0,25.033333333333335,United Kingdom
14775,406.56,1,384,20,2010-12-02 16:38:00,2010-12-02 16:38:00,406.56,384.0,17.116666666666667,United Kingdom
14829,236.97,1,190,19,2010-12-02 16:12:00,2010-12-02 16:12:00,236.97,190.0,17.55,United Kingdom
14849,355.84000000000003,3,188,17,2010-12-01 12:23:00,2010-12-01 12:22:00,118.61333333333334,62.666666666666664,45.36666666666667,United Kingdom
14865,37.2,1,96,3,2010-12-02 18:23:00,2010-12-02 18:23:00,37.2,96.0,15.366666666666667,United Kingdom
14901,204.15,1,105,18,2010-12-02 11:20:00,2010-12-02 11:20:00,204.15,105.0,22.416666666666668,United Kingdom
14911,527.88,3,248,21,2010-12-02 16:33:00,2010-12-01 14:05:00,175.96,82.66666666666667,17.2,EIRE
15012,188.56,1,84,52,2010-12-01 12:49:00,2010-12-01 12:49:00,188.56,84.0,44.93333333333333,United Kingdom
15061,9407.34,6,5475,73,2010-12-02 15:28:00,2010-12-02 15:19:00,1567.89,912.5,18.283333333333335,United Kingdom
15070,106.2,1,36,1,2010-12-02 11:23:00,2010-12-02 11:23:00,106.2,36.0,22.366666666666667,United Kingdom
15093,623.73,1,879,16,2010-12-02 18:25:00,2010-12-02 18:25:00,623.73,879.0,15.333333333333334,United Kingdom
15100,350.4,1,32,1,2010-12-01 09:09:00,2010-12-01 09:09:00,350.4,32.0,48.6,United Kingdom
15107,116.0,1,26,5,2010-12-02 13:45:00,2010-12-02 13:45:00,116.0,26.0,20.0,United Kingdom
15111,288.5,1,106,16,2010-12-02 11:45:00,2010-12-02 11:45:00,288.5,106.0,22.0,United Kingdom
15165,487.75,1,160,27,2010-12-01 14:03:00,2010-12-01 14:03:00,487.75,160.0,43.7,United Kingdom
15235,79.5,1,34,5,2010-12-01 17:22:00,2010-12-01 17:22:00,79.5,34.0,40.38333333333333,United Kingdom
15260,420.5,2,254,17,2010-12-02 12:09:00,2010-12-02 12:09:00,210.25,127.0,21.6,United Kingdom
15291,328.8,1,112,2,2010-12-01 09:32:00,2010-12-01 09:32:00,328.8,112.0,48.21666666666667,United Kingdom
15299,1835.01,3,2097,3,2010-12-02 16:51:00,2010-12-02 16:48:00,611.67,699.0,16.9,United Kingdom
15311,449.98,1,198,35,2010-12-01 09:41:00,2010-12-01 09:41:00,449.98,198.0,48.06666666666667,United Kingdom
15350,115.65,1,51,5,2010-12-01 13:33:00,2010-12-01 13:33:00,115.65,51.0,44.2,United Kingdom
15363,326.0,1,144,16,2010-12-02 12:28:00,2010-12-02 12:28:00,326.0,144.0,21.283333333333335,United Kingdom
15485,939.59,1,391,22,2010-12-01 13:23:00,2010-12-01 13:23:00,939.59,391.0,44.36666666666667,United Kingdom
15513,357.0,1,116,3,2010-12-01 11:22:00,2010-12-01 11:22:00,357.0,116.0,46.38333333333333,United Kingdom
15525,274.93,1,113,48,2010-12-01 13:17:00,2010-12-01 13:17:00,274.93,113.0,44.46666666666667,United Kingdom
15544,354.54,1,274,26,2010-12-02 12:47:00,2010-12-02 12:47:00,354.54,274.0,20.966666666666665,United Kingdom
15574,349.04,1,159,105,2010-12-02 15:46:00,2010-12-02 15:46:00,349.04,159.0,17.983333333333334,United Kingdom
15601,768.38,1,666,48,2010-12-02 10:39:00,2010-12-02 10:39:00,768.38,666.0,23.1,United Kingdom
15605,194.85000000000002,1,71,12,2010-12-01 13:38:00,2010-12-01 13:38:00,194.85000000000002,71.0,44.11666666666667,United Kingdom
15640,333.72,1,180,7,2010-12-02 15:40:00,2010-12-02 15:40:00,333.72,180.0,18.083333333333332,United Kingdom
15646,189.8,1,230,17,2010-12-02 16:59:00,2010-12-02 16:59:00,189.8,230.0,16.766666666666666,United Kingdom
15658,306.2,1,64,14,2010-12-02 10:53:00,2010-12-02 10:53:00,306.2,64.0,22.866666666666667,United Kingdom
15694,306.4,1,80,6,2010-12-02 07:49:00,2010-12-02 07:49:00,306.4,80.0,25.933333333333334,United Kingdom
15732,138.1,1,97,5,2010-12-02 15:00:00,2010-12-02 15:00:00,138.1,97.0,18.75,United Kingdom
15738,329.65000000000003,1,255,14,2010-12-02 12:50:00,2010-12-02 12:50:00,329.65000000000003,255.0,20.916666666666668,United Kingdom
15752,259.65000000000003,1,153,14,2010-12-02 09:43:00,2010-12-02 09:43:00,259.65000000000003,153.0,24.033333333333335,United Kingdom
15827,190.93,2,109,14,2010-12-02 13:08:00,2010-12-02 13:06:00,95.465,54.5,20.616666666666667,United Kingdom
15862,354.23,1,124,64,2010-12-01 11:21:00,2010-12-01 11:21:00,354.23,124.0,46.4,United Kingdom
15922,369.5,1,138,11,2010-12-01 13:51:00,2010-12-01 13:51:00,369.5,138.0,43.9,United Kingdom
15923,127.08,1,122,21,2010-12-02 12:16:00,2010-12-02 12:16:00,127.08,122.0,21.483333333333334,United Kingdom
15955,572.38,1,246,20,2010-12-02 11:22:00,2010-12-02 11:22:00,572.38,246.0,22.383333333333333,United Kingdom
15983,430.99,1,323,31,2010-12-01 12:15:00,2010-12-01 12:15:00,430.99,323.0,45.5,United Kingdom
16029,4271.5199999999995,3,1936,12,2010-12-02 17:40:00,2010-12-01 09:57:00,1423.84,645.3333333333334,16.083333333333332,United Kingdom
16048,256.44,2,144,8,2010-12-01 15:28:00,2010-12-01 15:27:00,128.22,72.0,42.28333333333333,United Kingdom
16098,430.6,1,134,12,2010-12-01 09:45:00,2010-12-01 09:45:00,430.6,134.0,48.0,United Kingdom
16150,393.42,1,174,22,2010-12-02 18:27:00,2010-12-02 18:27:00,393.42,174.0,15.3,United Kingdom
16186,307.68,1,231,20,2010-12-02 14:40:00,2010-12-02 14:40:00,307.68,231.0,19.083333333333332,United Kingdom
16203,170.7,1,70,11,2010-12-02 15:39:00,2010-12-02 15:39:00,170.7,70.0,18.1,United Kingdom
16210,2474.7400000000002,1,1070,14,2010-12-01 12:27:00,2010-12-01 12:27:00,2474.7400000000002,1070.0,45.3,United Kingdom
16218,471.3,1,438,28,2010-12-01 11:29:00,2010-12-01 11:29:00,471.3,438.0,46.266666666666666,United Kingdom
16244,1056.63,1,619,63,2010-12-02 11:41:00,2010-12-02 11:41:00,1056.63,619.0,22.066666666666666,United Kingdom
16250,226.14,1,108,14,2010-12-01 09:59:00,2010-12-01 09:59:00,226.14,108.0,47.766666666666666,United Kingdom
16274,331.55,1,151,63,2010-12-01 15:35:00,2010-12-01 15:35:00,331.55,151.0,42.166666666666664,United Kingdom
16456,787.4,1,392,16,2010-12-01 14:11:00,2010-12-01 14:11:00,787.4,392.0,43.56666666666667,United Kingdom
16510,248.1,1,92,13,2010-12-02 13:39:00,2010-12-02 13:39:00,248.1,92.0,20.1,United Kingdom
16539,442.34999999999997,1,301,21,2010-12-01 15:40:00,2010-12-01 15:40:00,442.34999999999997,301.0,42.083333333333336,United Kingdom
16546,299.40000000000003,1,156,6,2010-12-02 12:07:00,2010-12-02 12:07:00,299.40000000000003,156.0,21.633333333333333,United Kingdom
16552,95.29,1,39,5,2010-12-01 12:36:00,2010-12-01 12:36:00,95.29,39.0,45.15,United Kingdom
16583,233.45,1,111,14,2010-12-01 12:03:00,2010-12-01 12:03:00,233.45,111.0,45.7,United Kingdom
16634,164.8,1,64,8,2010-12-02 17:41:00,2010-12-02 17:41:00,164.8,64.0,16.066666666666666,United Kingdom
16752,207.5,1,54,9,2010-12-02 12:18:00,2010-12-02 12:18:00,207.5,54.0,21.45,United Kingdom
16754,2002.4,1,4280,2,2010-12-02 17:38:00,2010-12-02 17:38:00,2002.4,4280.0,16.116666666666667,United Kingdom
16770,130.8,1,56,6,2010-12-02 15:49:00,2010-12-02 15:49:00,130.8,56.0,17.933333333333334,United Kingdom
16781,311.25,1,113,17,2010-12-02 14:26:00,2010-12-02 14:26:00,311.25,113.0,19.316666666666666,United Kingdom
16835,81.75,1,19,5,2010-12-01 17:15:00,2010-12-01 17:15:00,81.75,19.0,40.5,United Kingdom
16916,196.43,1,102,49,2010-12-02 13:14:00,2010-12-02 13:14:00,196.43,102.0,20.516666666666666,United Kingdom
16928,116.25,1,93,6,2010-12-01 15:21:00,2010-12-01 15:21:00,116.25,93.0,42.4,United Kingdom
16955,156.1,1,80,6,2010-12-01 13:31:00,2010-12-01 13:31:00,156.1,80.0,44.233333333333334,United Kingdom
17017,877.3199999999999,2,648,23,2010-12-02 10:18:00,2010-12-02 10:17:00,438.65999999999997,324.0,23.45,United Kingdom
17025,160.97,2,139,5,2010-12-01 15:46:00,2010-12-01 15:45:00,80.485,69.5,41.983333333333334,United Kingdom
17069,277.05,1,103,11,2010-12-01 16:49:00,2010-12-01 16:49:00,277.05,103.0,40.93333333333333,United Kingdom
17135,215.57999999999998,1,222,9,2010-12-03 09:31:00,2010-12-03 09:31:00,215.57999999999998,222.0,0.23333333333333334,United Kingdom
17181,155.52,1,216,2,2010-12-01 12:38:00,2010-12-01 12:38:00,155.52,216.0,45.11666666666667,United Kingdom
17228,183.3,1,122,18,2010-12-02 16:00:00,2010-12-02 16:00:00,183.3,122.0,17.75,United Kingdom
17235,341.9,1,126,10,2010-12-02 13:38:00,2010-12-02 13:38:00,341.9,126.0,20.116666666666667,United Kingdom
17287,113.92,1,46,13,2010-12-02 12:22:00,2010-12-02 12:22:00,113.92,46.0,21.383333333333333,United Kingdom
17346,134.11,1,84,31,2010-12-01 14:34:00,2010-12-01 14:34:00,134.11,84.0,43.18333333333333,United Kingdom
17377,223.9,1,102,15,2010-12-01 12:35:00,2010-12-01 12:35:00,223.9,102.0,45.166666666666664,United Kingdom
17381,1036.08,2,1424,6,2010-12-02 12:59:00,2010-12-02 12:58:00,518.04,712.0,20.766666666666666,United Kingdom
17396,397.5,1,106,3,2010-12-03 09:45:00,2010-12-03 09:45:00,397.5,106.0,0.0,United Kingdom
17412,197.3,1,50,8,2010-12-02 16:29:00,2010-12-02 16:29:00,197.3,50.0,17.266666666666666,United Kingdom
17420,130.85,1,53,7,2010-12-01 09:56:00,2010-12-01 09:56:00,130.85,53.0,47.81666666666667,United Kingdom
17460,70.30000000000001,2,26,2,2010-12-02 15:14:00,2010-12-01 16:24:00,35.150000000000006,13.0,18.516666666666666,United Kingdom
17511,1825.74,1,1568,24,2010-12-01 10:19:00,2010-12-01 10:19:00,1825.74,1568.0,47.43333333333333,United Kingdom
17552,298.52,2,144,13,2010-12-02 18:46:00,2010-12-02 18:45:00,149.26,72.0,14.983333333333333,United Kingdom
17567,517.95,1,244,27,2010-12-02 15:18:00,2010-12-02 15:18:00,517.95,244.0,18.45,United Kingdom
17572,70.80000000000001,1,24,4,2010-12-01 12:51:00,2010-12-01 12:51:00,70.80000000000001,24.0,44.9,United Kingdom
17581,786.78,2,441,38,2010-12-02 14:49:00,2010-12-02 14:47:00,393.39,220.5,18.933333333333334,United Kingdom
17643,101.55,1,71,8,2010-12-01 14:38:00,2010-12-01 14:38:00,101.55,71.0,43.11666666666667,United Kingdom
17659,247.8,1,64,12,2010-12-02 16:46:00,2010-12-02 16:46:00,247.8,64.0,16.983333333333334,United Kingdom
17685,452.52,1,331,12,2010-12-02 14:42:00,2010-12-02 14:42:00,452.52,331.0,19.05,United Kingdom
17690,376.8,2,170,14,2010-12-01 16:17:00,2010-12-01 16:15:00,188.4,85.0,41.46666666666667,United Kingdom
17732,303.97,1,93,18,2010-12-02 09:29:00,2010-12-02 09:29:00,303.97,93.0,24.266666666666666,United Kingdom
17757,143.45000000000002,1,80,23,2010-12-02 17:17:00,2010-12-02 17:17:00,143.45000000000002,80.0,16.466666666666665,United Kingdom
17760,172.54,1,165,9,2010-12-01 15:08:00,2010-12-01 15:08:00,172.54,165.0,42.61666666666667,United Kingdom
17802,100.2,1,75,12,2010-12-02 13:44:00,2010-12-02 13:44:00,100.2,75.0,20.016666666666666,United Kingdom
17809,34.8,1,24,1,2010-12-01 09:41:00,2010-12-01 09:41:00,34.8,24.0,48.06666666666667,United Kingdom
17838,684.46,1,454,29,2010-12-02 15:55:00,2010-12-02 15:55:00,684.46,454.0,17.833333333333332,United Kingdom
17841,532.43,1,198,64,2010-12-01 14:41:00,2010-12-01 14:41:00,532.43,198.0,43.06666666666667,United Kingdom
17850,5391.21,34,1733,297,2010-12-02 15:27:00,2010-12-01 08:26:00,158.565,50.970588235294116,18.3,United Kingdom
17855,208.97,1,197,17,2010-12-02 09:44:00,2010-12-02 09:44:00,208.97,197.0,24.016666666666666,United Kingdom
17873,204.95,1,117,8,2010-12-01 14:54:00,2010-12-01 14:54:00,204.95,117.0,42.85,United Kingdom
17897,163.34,1,71,34,2010-12-01 12:31:00,2010-12-01 12:31:00,163.34,71.0,45.233333333333334,United Kingdom
17905,200.5,1,71,22,2010-12-01 13:21:00,2010-12-01 13:21:00,200.5,71.0,44.4,United Kingdom
17908,232.03,1,169,54,2010-12-01 11:45:00,2010-12-01 11:45:00,232.03,169.0,46.0,United Kingdom
17920,453.46,1,197,68,2010-12-01 11:49:00,2010-12-01 11:49:00,453.46,197.0,45.93333333333333,United Kingdom
17924,279.0,1,60,2,2010-12-01 10:51:00,2010-12-01 10:51:00,279.0,60.0,46.9,United Kingdom
17925,244.08,1,72,1,2010-12-02 10:10:00,2010-12-02 10:10:00,244.08,72.0,23.583333333333332,United Kingdom
17951,295.5,1,118,5,2010-12-01 12:40:00,2010-12-01 12:40:00,295.5,118.0,45.083333333333336,United Kingdom
17961,127.55,1,45,29,2010-12-02 19:18:00,2010-12-02 19:18:00,127.55,45.0,14.45,United Kingdom
17964,261.76,1,195,35,2010-12-02 13:32:00,2010-12-02 13:32:00,261.76,195.0,20.216666666666665,United Kingdom
17968,265.1,1,151,81,2010-12-01 12:23:00,2010-12-01 12:23:00,265.1,151.0,45.36666666666667,United Kingdom
17976,321.79,1,93,57,2010-12-02 13:49:00,2010-12-02 13:49:00,321.79,93.0,19.933333333333334,United Kingdom
18011,102.78999999999999,1,71,28,2010-12-01 17:35:00,2010-12-01 17:35:00,102.78999999999999,71.0,40.166666666666664,United Kingdom
18041,413.44,2,316,73,2010-12-02 11:35:00,2010-12-02 11:21:00,206.72,158.0,22.166666666666668,United Kingdom
18074,489.6,1,190,13,2010-12-01 09:53:00,2010-12-01 09:53:00,489.6,190.0,47.86666666666667,United Kingdom
18085,303.9,1,78,9,2010-12-01 12:08:00,2010-12-01 12:08:00,303.9,78.0,45.61666666666667,United Kingdom
18144,165.04999999999998,1,95,3,2010-12-01 13:45:00,2010-12-01 13:45:00,165.04999999999998,95.0,44.0,United Kingdom
18168,263.3,1,133,27,2010-12-02 18:08:00,2010-12-02 18:08:00,263.3,133.0,15.616666666666667,United Kingdom
18229,344.2,1,44,7,2010-12-01 16:25:00,2010-12-01 16:25:00,344.2,44.0,41.333333333333336,United Kingdom
18239,438.1,1,208,29,2010-12-02 17:48:00,2010-12-02 17:48:00,438.1,208.0,15.95,United Kingdom
